연번,"강의언어",파견기관,대륙,국가,소재도시,CGPA,"어학 기준(총점)",TOEFL My Best Score 인정 여부,파견인원(학기당),"학부/대학원",전공제한,학기제한,관련 웹사이트,학사력,비고,업데이트 이력,"최종 업데이트 일자"
1,영어,Concordia University,North America,Canada,"Montreal
(공식언어: 불어
강의언어: 영어)","3.0 이상
(4.3만점 기준)","iBT 90 이상 (Speaking + Writing 합산 34점 이상)
(영문학 지원시 iBT 100 이상)
또는
IELTS 7.0 이상
(각 파트별 5.5 이상)",가능,10,학부,,,https://www.concordia.ca/international/students-from-abroad/inbound-exchange/apply.html,"9-12
1-4","* 몬트리올에 위치한 영어대학
* 몬트리올은 다양한 인종과 문화가 모여 있는 퀘백주 최대의 도시이며, 불어권 도시임에도 불구하고 영어로 소통하는 데에 지장이 없는 도시임
* 한 학기당 받는 교환학생 수가 매우 많아, 다양한 국적의 학생들과 교류하기에 좋은 요건의 학교
* 학생 수: 45,000명
* 교환학생 정보
http://international.concordia.ca/ 
* 강의 리스트: 
https://www.concordia.ca/academics/undergraduate/calendar.html 
강의 불가 리스트 반드시 확인 하고 지원
https://www.concordia.ca/content/dam/concordia/offices/ci/docs/Restricted_Course_List_2024_25.pdf
* 수강 가능 학점: 15학점",,
2,영어,HEC Montreal,North America,Canada,"Montreal
(공식언어: 불어
강의언어: 불어/영어)","2.7 이상
(4.3 만점 기준)","iBT 79 이상
또는 
IELTS 6.5 이상",인정,10,학부,"경영학
1, 2, 3전공자",,https://www.hec.ca/en/international_student/international_exchange/,"8-12
1-4","* 경영전공(1.2.3. 전공자) 지원 가능
* 명문 경영대학
* Business Week: Top 10 Business School
* 3대 인증: AACSB, EQUIS, AMBA
* 학생수: 12,000명
* 몬트리올은 다양한 인종과 문화가 모여 있는 퀘백주 최대의 도시이며, 불어권 도시임에도 불구하고 영어로 소통하는 데에 지장이 없는 도시임
* 영어강의 수강. 불어강의 수강 희망자는 해당되는 어학 기준을 충족시켜야 함. 
* 기숙사가 없으므로 학교 주변 아파트에서 지내야 함. 상대교 국제교류팀에서 Housing을 구하는데 도움을 줄 것임. 사이트 참조: http://www.hec.ca/en/international_student/international_exchange/pre-arrival_guide/housing/index.html 
* 강의 리스트: https://www.hec.ca/en/international_student/international_exchange/pre-arrival_guide/course_registration/business_courses/faq/courseregistrationfaq.html#141049 
* 수강 가능 학점: 경영학 최대 5개 + 언어 관련 수업 1개 = 18학점",,
3,영어,University of Montreal,North America,Canada,"Montreal
(공식언어: 불어
강의언어: 불어/영어)","2.7 이상
(4.3 만점 기준)",iBT 79 이상,인정,5,학부/대학원,,,https://international.umontreal.ca/english/international-students/study-at-udem-in-an-exchange-program/,"9-12
1-5","* 설립:1919
* 학생수:58,500명
* 몬트리올 최대의 대학으로 프랑스를 포함한 불어권 대학에서 우수한 대학 중 하나
* Quebec 주 Montreal에 소재
* 몬트리올은 다양한 인종과 문화가 모여 있는 퀘백주 최대의 도시이며, 불어권 도시임에도 불구하고 영어로 소통하는 데에 지장이 없는 도시임
* 유의사항: English Studies 과목만 영어로 수강 가능(기타 전공 과목은 모두 불어강의) 영문학과 수업만 수강 가능
* 불어 교환학생 희망자는 제 2외국어 불어권 프로그램으로 신청 가능
* 강의 리스트: https://international.umontreal.ca/english/international-students/study-at-udem-in-an-exchange-program/how-to-choose-your-courses/",,
4,영어,University of Quebec at Montreal,North America,Canada,"Montreal
(공식언어: 불어
강의언어: 불어/영어)","3.2 이상
(4.3만점 기준)","iBT 80 이상
또는
IELTS 6.5 이상",인정,1,학부/대학원,"경영학 1, 2, 3전공자",,https://esg.uqam.ca/international/,"9-12
1-5","* 몬트리올에 위치한 주립대학교
* 몬트리올은 다양한 인종과 문화가 모여 있는 퀘백주 최대의 도시이며, 불어권 도시임에도 불구하고 영어로 소통하는 데에 지장이 없는 도시임
* 경영대학은 EQUIS 인증 받음
* 불어강의 대학이나 경영대는 영어강의 개설
https://esg.uqam.ca/programmes/ ",,
5,영어,University of Regina,North America,Canada,Saskatchewwan,"2.7 이상
(4.3 만점 기준)","iBT 83 이상 
(각 파트별로 20 이상)
또는 
IELTS 6.5 이상
(각 파트별로 6.0 이상)",불가,2,학부,"신문방송학, 심리학 불가",,http://www.uregina.ca/international/study-abroad/incoming-students/index.html,"8-12
1-4","* 주립대학교
* 학생수: 12,500명 
* 학제: Term제 
* 상대교에서 요구하는 어학기준(파트별 점수)에 반드시 충족되어야 입학허가를 받을 수 있음. (토플 ibt 각 영역별 20점 이상이어야 함)
* 강의 리스트: https://www.uregina.ca/student/registrar/resources-for-students/academic-calendars-and-schedule/undergraduate-calendar/assets/pdf/2024-25/undergraduate.pdf
* 수강 가능 학점: 9-15학점",,
6,영어,Boston College,North America,USA,"Newton, Massachusetts","3.4 이상
(4.3 만점 기준)","iBT 79 이상 또는
IELTS 6.5 이상",인정,1,학부,,"2026-1학기에 
5학기 이상인 자",http://www.bc.edu,"1-5
8-12","* 미국 예수회대학
* 학생 수: 14,500 (학부 9.800 + 대학원 4,700)
* 교수 1인당 학생수: 13명 
* 학부 인기 전공은 금융, 영어영문학, 경제학, 심리학이며 인문학과와 사회과학이 학습강도가 가장 높다고 함. 
* 가장 오래된 예수회 협정교 중 하나이며, 전통적으로 우리 학교와 밀접한 관계를 유지해 온 학교임
* 유명한 동문으로는 존 케리, 에릭남 등이 있음
* 캠퍼스는 보스턴 시내에서 서쪽으로 10km 떨어진 교외에 위치, 캠퍼스는 90동의 건물로 구성. 
* 원하는 과목을 수강하지 못 할 수 있으며, 특히 경제 및 경영 과목은 제한이 있음. 졸업을 위한 경제 및 재무 수업은 가급적 서강대에서 이수하도록 함
* 학과: http://www.bc.edu/bc-web/academics/majors-minors.html 
* 수강 가능 과목: 12-15학점
* 교환학생 프로그램 정보: https://www.bc.edu/content/dam/bc1/offices/OIP/Incoming-Students/Boston_College_Factsheet.pdf",,
7,영어,"California State University, San Bernardino",North America,USA,"San Bernardino, California","2.8 이상
(4.3 만점 기준)","iBT 79 이상
또는 
IELTS 6.5 이상",불가,3,학부,,,https://www.csusb.edu/,"1-5
8-12","* 캘리포니아에 위치한 주립대학교
* 학생 수: 약 20,700명(학부: 17,123명 + 대학원: 2,180명)
* 인기 전공: 경영학, 심리학, 사회학 등
* 학교가 위치한 San Bernardino 지역은 San Bernardino 산맥 남쪽에 위치해 있으며 캘리포니아 주의 남부 내륙지역에 위치한 소도시로서 교통, 제조업의 중심지로 널리 알려져 있음.
* LA와는 차량으로 1시간가량 떨어져 있음","2025.06.17
학부 학생들만 지원가능",2025.06.17
8,영어,Canisius University,North America,USA,"Buffalo, New York","2.7 이상
(4.3 만점 기준)","iBT 79 이상
또는 
IELTS 6.5 이상",인정,2,학부,,,http://www.canisius.edu/,"1-5
8-12","*미국 예수회대학
*외국인/한국학생 적음
*학생 수: 약 3,200명 
*겨울에는 춥고 눈이 많이 오는 지역임. 
*나이아가라 폭포에서 30분 거리에 있음. 캐나다 국경과 가까움
*학교가 위치한 버팔로 시는 뉴욕 주에서 뉴욕시 다음으로 큰 도시지만, 뉴욕시와는 많이 다름
*버팔로 시는 버팔로 윙의 발상지로 1964년에 최초로 개발되어 1970년대에 널리 퍼지기 시작하였음
*교환학생 지원 프로그램이 잘 되어 있으며, 외국인학생 동아리 활동을 추천함. 
*모든 교환학생은 ESL(영어) 과목 1개를 수강해야 함. 
*수강 가능 학점: 18학점
*프로그램 정보: https://www.canisius.edu/global-education/international-student-programs ",,
9,영어,Case Western Reserve University,North America,USA,"Cleveland, Ohio","2.7 이상
(4.3 만점 기준)","iBT 90 이상
또는 
IELTS 6.5이상",불가,1,학부,,,http://case.edu/,"1-5
8-12","* 학생 수: 약 10,200명(학부: 4,600명 + 대학원: 5,600명)
* 인기 전공: Bioengineering, Biomedical Engineering, Mechanical Engineering, Psychology, Non-profit Mangement 등
* 미국내 사립 명문대 중 하나로서, US News Ranking 40위권의 대학
* 이공계열이 강한 학교로 널리 알려져 있으며, 경영/경제 분야에서도 명성이 높은 학교
* 학교 근처에 클리블랜드 미술관 (미국의 5대 미술관 중 하나), 클리블랜드 오케스트라가 있는 세브란스 홀 (미국의 5대 오케스트라 중 하나),  클리블랜드 자연사 박물관 등이 위치하고 있어서, 학업 외에도 즐길 거리가 많이 있음
* 교내 기숙사가 있으나 자리가 부족할 경우, 교외 숙소를 알아봐야 할 수 있으며, CWRU에서 교외 숙소 정보를 일부 제공해 줌
* 학과: http://case.edu/schools/
* 수강 가능 학점: 12-19학점
* 교환학생 프로그램 정보: https://case.edu/studentlife/educationabroad/incoming-exchange AND https://studyabroad.case.edu/index.cfm?FuseAction=Programs.ViewProgramAngular&id=10839
* 개설교과목정보: https://case.edu/registrar/registration-classes/class-search",,
10,영어,Chapman University,North America,USA,"Orange, California","3.3 이상
(4.3 만점 기준)",iBT 80 이상,인정,2,학부,,,https://www.chapman.edu/,"1-5 
8-12","* LA 근교 Orange에 위치한 우수 사립대학교
* 디즈니랜드가 위치한 애너하임과는 30분 이내 거리에 위치하고 있음
* 학생 수: 약 6,000명 
* Art 분야가 강점이라고 함: (관련대학) College of Performing Arts (Music, Dance, Theatre); College of Film and Media Arts (Film Studies, Film Production, Digital Arts, Television Writing and Production 등); College of Arts, Humanities, and Social Sciences (Graphic Design, Art, Art History)
* 경영대학 우수
* 수강 제한이 있을 수 있는 전공: Film & Digital Arts 
* 학과: https://www.chapman.edu/academics/schools-colleges.aspx
* 수강 가능 과목: 18학점
* 프로그램 정보: https://www.chapman.edu/students/services/international-student-services/exchange-program/index.aspx",,
11,영어,Creighton University,North America,USA,"Omaha, Nebraska","2.7 이상
(4.3 만점 기준)","iBT 88 이상
(각 파트별로 20 이상)
또는
IELTS 6.5 이상
(각 파트별로 6.0 이상)",인정,3,학부,,"2026-1학기에 
5학기 이상인 자",http://www.creighton.edu/,"1-5
8-12","* 미국 예수회대학
* 학생 수: 6,800명 (학부 4,000 + 대학원 2,800)
* 교수 대 학생 비율: 1:11
* Omaha, NE에는 5개의 Fortune 500 기업이 있음(이 중에 Warren Buffett이 CEO로 있는 Berkshire Hataway Inc.도 포함됨)
* 인기전공: Health Science, Business, Biological Science, Psychology 등
* 미국에서 학교 음식이 가장 맛있는 50개 학교 중 하나로 선정됨 (The 50 Best College Dining Experiences)
* 오마하 시에서 정기적으로 International Student Fair를 개최하고 있으며 해당 행사를 통해 Creighton 대학 학생뿐만 아니라 다양한 국적의 외국인 학생들을 만날 수 있음
* 수강 가능 학점: 12-18학점
* 프로그램 정보: http://www.creighton.edu/geo/internationalstudents/exchangestudents/ ",,
12,영어,Fairfield University,North America,USA,"Fairfield, Connecticut","2.8 이상
(4.3 만점 기준)","iBT 80 이상
또는
IELTS 6.5 이상",인정,1,학부,공학부 지원 불가,,"http://www.fairfield.edu
","1-5
8-12","* 미국 예수회대학
* 학생수: 4,935명
* 한국 학생이 적음.
* 맨해튼 뉴욕에서 약 1시간 30분 거리에 위치. 
* 학과: https://fairfield.edu/academics/majors-and-minors/index.html?&
* 수강제한: Nursing, Engineering
* 기숙사비가 매우 높은 편(기숙사비: 약 USD 7,000, 기숙사 식비:  약 USD 2,765)이나, 양교 협의에 의해 서강대생은 서강대 기숙사에 본교 기숙사비(곤자가 국제학사 기준)를 납부하고 식비만 Fairfield 대학에 납부하기로 합의 함",,
13,영어,Fordham University,North America,USA,"Bronx, New York 
(RoseHill Campus)
Manhattan, New York
(Lincoln Campus)","2.9 이상
(4.3 만점 기준)","iBT 90 이상
또는
IELTS 7.0 이상",인정,2,학부,,"2026-1학기에 
5학기 이상인 자",http://www.fordham.edu/,"1-5
8-12","* 두 개의 캠퍼스: RoseHill(Bronx위치), Lincoln(Manhattan캠퍼스) 
* RoseHill Campus(1841): Fordham의 original campus이자 전통적인 개념의 캠퍼스임. 기숙사 시설 제공. 
* Lincoln Campus(1968): 뉴욕 Manhattan에 위치한 현대적인 캠퍼스임. 전문대학원 과정 개설. 
* 미국 트럼프 대통령이 University of Pennsylvania로 편입 전에 잠시 다녔던 이력이 있는 학교
* 유명한 동문으로는 아만다 사이프리드, 데이비드 카퍼필드, 덴젤 워싱턴이 있음
* RoseHill Campus: Fordham College at RH, College of Business Administration, Fordham College of Liberal Studies, Graduate School of Arts and Sciece, Graduate School of Religion and Religious Education 
*Lincoln Campus: Fordham College at Lincoln, Fordham College of Liberal Studies, Graduate School of Business Administration, Graduate School of Education, Graduate School of Social Service, School of Law
* RoseHill Campus (Bronx) 기숙사 자리가 부족하여, Lincoln Campus (Manhattan)로 배정되거나 off-campus 시설을 이용해야 할 수 있음. 수업은 대부분 RoseHill Campus에서 수강하게 되며, 두 캠퍼스 간에 무료 셔틀버스 서비스가 제공되고 있음. 
* Lincoln Campus에서 교환학생이 수강할 수 있는 과목은 거의 없음을 유의하여 수강신청 해야 함
* Visual Arts, Performing Arts Program은 수강이 불가함
* 수강 가능 학점: 15-18학점
* 프로그램 정보: https://www.fordham.edu/info/25821/incoming_exchange_students ",,
14,영어,Gonzaga University,North America,USA,"Spokane, Washington","2.7 이상
(4.3 만점 기준)","iBT 80 이상
또는
IELTS 6.5 이상",인정,2,학부/대학원,,,https://www.gonzaga.edu/,"1-5
8-12","* 미국 예수회대학
* Spokane, Washington에 위치한 예수회 대학.  NCAA Basketball Championship 상위권 학교
* 공학부 수업의 경우 상대교에서 요구하는 선수강과목 반드시 확인 할 것.
* 개설과목정보: https://www.gonzaga.edu/catalogs","2025.06.17
CGPA, 어학기준 등 추가 ",2025.06.17
15,영어,John Carroll University,North America,USA,"Cleveland, Ohio","2.9 이상
(4.3 만점 기준)","iBT 79 이상
또는 
IELTS 6.5 이상",인정,3,학부,,,http://www.jcu.edu/,"1-5
8-12","* 미국 예수회대학
* Cleveland, Ohio에 위치한 예수회 대학. 
* Cleveland는 작은 중소형 도시로 RTA 전철 또는 학교 셔틀 이용하여 학교주변 및 다운타운 이동할 수 있음. 
* 교환학생 지원 프로그램이 잘 되어 있으며, 필드트립 참가 기회 있음. 
* 유명 학과: 커뮤니케이션, 경영
* 한국학생(유학생/교환학생) 적음. 
* 교수 대 학생 비율: 1:14
* 학생수: 약 3,700(학부생 3,000명, 대학원 700명)
* 프로그램 정보: https://www.jcu.edu/academics/global-experiences/center-global-education/international-students-and-scholars/semester
* 수강 가능 학점: 12-18학점",,
16,영어,Loyola Marymount University,North America,USA,"Los Angeles, California","2.7 이상
(4.3 만점 기준)","IBT 90 이상
또는
IELTS 6.5 이상",인정,2,학부,,,http://www.lmu.edu/,"1-5
8-12","* 미국 예수회대학
* 학생수: 약 9,000명
* 교수 대 학생 비율: 1:12
* LA 공항에서 10분 거리에 위치함
* 우수 학과: 커뮤니케이션, 사회학, 철학과, 자연과학
* 학과: https://www.lmu.edu/academics/collegesschools/
* 수강제한: School of Film and Television (SFTV)
* 수강 가능 학점: 12-18학점
* 서강동문 장학금 혜택
* 개설과목정보: https://bannerxe.lmu.edu/StudentRegistrationSsb/ssb/term/termSelection?mode=search",,
17,영어,Loyola University Chicago,North America,USA,"Chicago, Illinois","3.0 이상
(4.3 만점 
기준)","iBT 79 이상 
또는 
IELTS 6.5 이상",불가,0,학부,,,"http://www.luc.edu/

http://www.luc.edu/chicagocenter/","1-5
8-12","* 예수회대학교
* 학생수: 15,000명
* Lake Shore Campus (Arts/Sciences 제공: 캠퍼스에서 20분 거리)와 Water Tower Campus (경영, 신방 제공: Chicago 시내에 위치함)
* 교수 대 학생 비율: 1:14
* 80개 이상 학부전공, 140개 이상 석사과정
* 학과: https://www.luc.edu/academics/depts.shtml 
* 수강 가능 학점: 12-18학점","2025.06.17
2026-2학기부터 파견 재개",2025.06.17
18,영어,Loyola University Maryland,North America,USA,"Baltimore, Maryland","3.0 이상
(4.3 만점 기준)","iBT 85 이상
또는
IELTS 6.5 이상",불가,2,학부,,"2026-1학기에 
5학기 이상인 자",https://www.loyola.edu/,"1-5
8-12","* 예수회대학교
* 학생수: 6,000여 명
* 예수회의 창립자인 Loyola Ignatius의 이름을 딴 미국 최초의 대학
* 커뮤니케이션학부가 우수
* 미주 북부지역 종합 4위의 대학 (Regional Universities, #4)
* 수강 가능 학점: 15학점
* 프로그램 정보: https://www.loyola.edu/department/international-student-services/exchange ",,
19,영어,Loyola University New Orleans,North America,USA,"New Orleans, Lousiana","2.7 이상
(4.3 만점 기준)
","IBT 79 이상
또는
IELTS 6.5 이상",인정,2,학부/대학원,,,http://www.loyno.edu/,"1-5
8-12","* 미국 예수회대학 
* 학생수: 약 5,180명 (학부 3,230 + 대학원 1,950) 
* 교수 대 학생 비율: 1:11 
* 인기전공: 음악, 스피치커뮤니케이션, 심리, 범죄학, 마케팅 
* 유명학과: 아트&테크놀로지
* Music, Film, Visual Arts 프로그램은 지원 과정에서 포트폴리오 제출 요망
* 재즈, 문화의 도시
* 학과: http://academicaffairs.loyno.edu/colleges-programs-support 
* 수강 가능 학점: 12-19학점
* 프로그램 정보: http://www.loyno.edu/cie/exchange-students 
* 개설과목정보: courses.loyno.edu",,
20,영어,New Mexico State University,North America,USA,"Las Cruces, New Mexico","2.7 이상
(4.3 만점 기준)
","IBT 79 이상
또는
IELTS 6.5 이상",불가,3,학부,,,http://www.nmsu.edu,"1-5
8-12","* 설립: 1888년(주립대학교)
* NASA Space Grant College임.  
* 학생 수: 약 17,000명
* 교환학생 지원 프로그램이 잘 되어 있음. 
* Hispanic 학생이 많이 스페인어에 관심 있는 학생에게 언어를 배울 수 있는 좋은 환경임. 
* 공대, 아트&테크놀로지, 경영/경제 분야 우수
* Creative Media Institute for Film and Digital Arts 학부가 미국 400여개 대학 중 Top 100 U.S. Schools for Animation and Game Design 평가에서 49위를 차지. 
* Film Studies, Education 과목은 교환학생 수강 불가
* 수강 가능 학점: 12-18학점
* 프로그램 정보: https://educationabroad.nmsu.edu/
* 개설 과목정보: https://catalogs.nmsu.edu/nmsu/course-listings/",,
21,영어,Niagara University,North America,USA,"Buffalo, New York","3.05 이상
(4.3 만점 기준)
","iBT 79 이상 
또는 
IELTS 6.5 이상",인정,1,학부,,,http://www.niagara.edu/,"1-5
8-12","* 설립: 1856년(가톨릭)
* New York 북부 소재(Niagara 폭포에서 15분 거리)
* 캐나다 국경지역에 위치함(캐나다 관광 가능-단, 관광에 필요한 서류는 학생 본인이 준비해야 하며, 관광 목적으로 6개월 미만 체류할 경우 전자여행승인(eTA)을 입국 전에 받아야 함
* 학생 수: 약 4,200명
* 교수 대 학생 비율: 1:11
* 교환학생 지원 프로그램이 잘 되어 있음. 
* Service Learning을 중시하는 대학이며, 학과과정 중에 사회봉사 요소가 포함된 과목이 많음. 
* 학과: http://www.niagara.edu/colleges/ 
* 수강 가능 학점: 19학점
* 프로그램 정보: https://www.niagara.edu/international ",,
22,영어,Northern Arizona University,North America,USA,"Flagstaff, Arizona","2.7 이상
(4.3 만점 기준)","iBT 79 이상
또는
IELTS 6.5 이상",인정,4,학부,,,http://home.nau.edu/,"1-5
8-12","* 주립대학교
* Flagstaff, Arizona 소재(학교 바로 옆에 Grand Canyon 국립공원 있음)
* 인기전공: 인문사회, 경영, 교육, 환경공학-sustainability, 지질학, 천문학(상대교 천문학과에서 Pluto 행성을 발견함) 등
* 다양한 인종의 학생들이 모여있으며 국제교류프로그램이 매우 활발한 대학임
* 학생 수: 약 22,500명 (학부 및 대학원)  
* 학과리스트: https://nau.edu/about/colleges-and-schools/
* 개설과목정보: https://catalog.nau.edu/Courses/
* 수강 가능 학점: 12-18학점
* 프로그램 정보: https://nau.edu/isss/exchange-students/",,
23,영어,San Francisco State University,North America,USA,"San Francisco, California","2.7 이상
(4.3 만점 기준)
","iBT 79 이상
또는 
IELTS 6.5 이상",인정,2,학부,"컴퓨터공학 1전공,
인공지능학 1전공 지원불가",,https://www.sfsu.edu,"1-5
8-12","* 학생수: 29,607명
* California State University System의 하나인 공립대로서 샌프란 시스코에 위치한 학교
* 공학부가 우수한 학교로 알려져 있으며, 경영학, 커뮤니케이션, 사회학, 심리학 또한 인기가 많은 전공으로 알려져 있음
* 최첨단 기술 단지인 실리콘 밸리에서 1시간 내의 거리에 위치 
* 학교가 위치한 샌프란시스코는 California의 북부를 대표하는 대도시로서, 금문교(Golden Gate), 앨커트래즈 섬, 베이 브릿지 등의 명소로 유명하며 영화(앤트맨, 혹성탈출, 베놈 등) 및 다양한 매체(GTA 산 안드레아스, 메탈슬러그, 와치독스2 등)에도 자주 등장하는 도시임
* Marketing, Computer Science 과목은 교환학생 수강이 제한됨
* 프로그램 정보: https://international.sfsu.edu/prospective-exchange
* 개설과목 정보: https://bulletin.sfsu.edu/courses/",,
24,영어,Seattle University,North America,USA,"Seattle, Washington","3.0 이상
(4.3 만점 기준)","iBT 86 이상
또는 
IELTS 6.5 이상",인정,8,학부,,,http://www.seattleu.edu,"1-6
9-12","* 미국 예수회대학
* 시애틀 도심에 위치함. 
* 학생 수: 약 7,500명 
* 외국인학생 비율: 10% 
* 교수 대 학생 비율: 1:13
* 상대교 Fall Quarter(9월-12월)에 이수한 학점은 우리학교 가을학기 학점으로 인정됨(최대 12학점 인정 가능). 봄학기에 파견되는 학생은 Winter 및 Spring Quarter(1월-6월) 동안 파견되며 상대교 Winter 및 Spring Quarter에 이수한 학점은 우리학교 봄학기 학점으로 인정 가능함(최대 18학점까지 인정 가능). 학점인정 관련 자세한 사항은 반드시 학사지원팀에서 상담 받을 것. 
* 학과: https://www.seattleu.edu/academics/ 
* 프로그램 정보: https://www.seattleu.edu/abroad/inbound-exchange/ ",,
25,영어,Stony Brook University,North America,USA,"Stony Brook, New York","2.8 이상
(4.3 만점 기준)","iBT 80 이상
또는
IELTS 6.5 이상",불가,1,학부,,,https://www.stonybrook.edu/,,"* 신규 협정교
* 학생수: 25,989명
* SUNY System의 하나인 공립대로서 스토니 브룩에 위치한 학교
* 뉴욕주에서 가장 좋은 주립대 중 하나로 인정받고 있으며 미국 전체에서는 주립대 20위 권의 명문 주립 대학
* 미국의 중심인 뉴욕에서 1시간 정도의 거리에 위치
* 수강 가능 학점: 12-17학점
* 프로그램 정보: stonybrook.edu/studyabroad/incoming
* 개설과목정보: https://www.stonybrook.edu/sb/bulletin/current/courses/browse/byabbreviation/",,
26,영어,Temple University,North America,USA,"Philadelphia, Pennsylvania","3.2 이상
(4.3 만점 기준)","iBT 79 이상
또는 
IELTS 6.5 이상",인정,2,학부/대학원,,,http://www.temple.edu/,"1-5
8-12","* 주립대학교
* 학생 수: 39,000명
* 학교가 위치한 Philadelphia는 펜실베이니아의 최대 도시로서 미국의 옛 수도임
* 필라델피아 치즈와 필라델피아 스테이크(지만 샌드위치에 가까운)로 유명하며 다양한 영화에 등장한 바 있는 친숙한 도시(내셔널 트레져, 록키 등)
* 인기전공: 경영/경제/심리/신문방송학/아트&테크놀로지/자연과학
* 우수 경영대학(US Ranking): Risk Management & Insurance (#5), International Business (#13), Management Information Systems (#13), Entrepreneurship (#8), Accounting (#49) 
* 28th-largest university in the United States and the fourth-largest provider of professional education in the nation.
* Main Campus is 2.5 km from Center City Philadelphia, accessible by bus, subway and rail lines; 160 km from New York City; 225 km from Washington, D.C.
* 기숙사에 자리가 없을 경우, off-campus housing을 구해야 함. 
* 수강제한 학과: Architecture, Computer and Information Science, Business(must be a Business major), Education, Tourism and Hospitality Mgmt., Performing Arts(Dance, Music, Theater), Professionsl Schools(Dentistry, Law, Medicine, Pharmacy, Podiatry), Visual Arts (Film/Media Arts, Graphic Design, Fine Arts)
* 학과: http://www.temple.edu/academics/schools-and-colleges 
* 수강 가능 학점: 18학점
* 프로그램 정보: https://global.temple.edu/
* 개설과목정보: temple.edu/courses",,
27,영어,The Ohio State University,North America,USA,"Columbus, Ohio",3.2이상 (4.3 만점 기준),"iBT 79 이상
또는
IELTS 6.5 이상",불가,2,학부,"경영학부, 공학부 1전공자 지원 불가","2026-1학기에 
5학기 이상인 자",http://www.osu.edu/,"1-5
8-12","* 설립: 1870년 (주립대학교)
* Columbus, Ohio 소재 (4개의 캠퍼스) 
* 학생 수: 약 57,640명 (외국인학생 비율: 7%)  
* 학교가 위치한 Columbus는 오하이오 주의 주도로서 행정의 중심지이며, 오하이오 주립대를 중심으로 상권이 형성되어 있음
* 자연과학, 영문, 정외, 사회, 심리 등 우수
* 연구중심대학, 연간 투자하는 연구비가 미국에서 11위를 기록함 
* 우리학교와 OSU의 College of Arts and Sciences와 협정 체결
* 경영학부 및 공학부 수업 수강 불가하므로 학교 지원 시 이점 유의하기 바랍니다. College of Arts and Sciences 내에서만 수강신청 가능합니다. 반드시 본인 전공 개설 여부를 다음의 링크에서 확인하고 지원바랍니다. http://artsandsciences.osu.edu/departments-centers 
* 수강 가능 학점: 18학점
*프로그램 정보: https://oia.osu.edu/international-students/exchange-students/application-instructions
* Department of Design, Department of Computer & Information Science 에서 개설되는 과목들은 수강신청이 매우 제한적임.",,
28,영어,University at Buffalo,North America,USA,"Buffalo, New York","3.0 이상
(4.3 만점 기준)","iBT 79 이상
또는 
IELTS 6.5 이상",불가,1,학부/대학원,,,www.buffalo.edu/studyabroad,"1-5
8-12","* 신규 협정교
* 설립: 1846년 (주립대학교)
* Buffalo, New York 소재 (3개의 캠퍼스)
* 학생 수: 약 32,350명
* 미국 National Ranking 76위의 대학이며 주립대 중에서는 30위권의 상위권 Top-tier 대학교
* 학교가 위치한 Buffalo는 뉴욕주 북부에 위치한 핵심 도시로서, 나이아가라 폭포와 가깝고 캐나다와 국경을 맞대고 있어서 캐나다 여행에도 용이함
* 수강 가능 학점: 15학점
* 프로그램 정보: https://www.buffalo.edu/educationabroad/incomingexchangeandvisitingstudents.html
* 개설 과목 정보: http://registrar.buffalo.edu/schedules/index.php","2025.06.17
어학기준 IELTS 추가",2025.06.17
29,영어,University of Connecticut,North America,USA,"Storrs, Connecticut","3.0 이상
(4.3 만점 기준)","iBT 79 이상 
(각 파트별로 19점 이상)",인정,1,학부,,,https://uconn.edu/,"1-5
8-12","*주립대학교
*학생 수: 약 29,400명 
*전임교원 수: 1,838명 (Main Campus: 1,324명 + Health Center 493명) 
*10년간 New England 지역에서 가장 우수한 공립대학으로 평가, U.S. News 
* 수강 가능 학점: 12-17학점
* 심리학 전공수업은 수강에 제한이 있을 수 있음",,
30,영어,University of Georgia,North America,USA,"Athens, Georgia
(Atlanta에서 1시간 30분 거리)","2.7 이상
(4.3 만점 기준)
","iBT 80 이상
또는
IELTS 6.5 이상",인정,1,학부/대학원,,,http://www.uga.edu,"1-5
8-12","* 설립: 1785년(주립대학교, 미국 최초의 주립대학교) 
* University System of Georgia 컨소시엄 31개 대학 중에 Flagship 대학임. 
* 학생 수: 약 34,500명 
* 경영, 신방, 법학, 약학대학 개설 과목은 수강이 제한적일 수 있음.
* 다양한 국적의 학생들이 모여 있으며, 한인들이 많이 살고 있는 대도시 중 하나인 Atlanta와 가까운 곳에 위치해 있음
* 학과: https://majors.admissions.uga.edu/ 
* 개설과목정보: https://bulletin.uga.edu/CoursesHome
* 수강 가능 학점: 12-17학점",,
31,영어,"University of Nevada, Reno",North America,USA,"Reno, Nevada","3.05 이상
(4.3 만점 기준)","iBT 79 이상
또는 
IELTS 6.5 이상",불가,1,학부,,"2026-1학기에 
3학기 이상인 자",http://www.unr.edu,"1-5
8-12","* 신규 협정교
* 미국 네바다에 위치한 주립대학
* 학생 수: 20,945명
* 교수 대 학생 비율: 1:18
* 145개 이상의 학부/대학원 프로그램 제공
* 학교가 위치한 리노는 ""The biggest little city in the world""로 별명을 가지고 있으며, 그만큼 작지만 compact하게 모든 것을 갖추고 있는 도시로 알려져 있음 (관광, 휴양으로 유명한 도시). 아담한 Las Vegas 정도. 캘리포니아에서 휴양지로 유명한 레이크 타호와 가까움 (차로 1시간 정도 거리)
* 과목 리스트: https://catalog.unr.edu/index.php
https://www.unr.edu/admissions/records/registration
* 수강 가능 학점: 12-17학점",,
32,영어,"University of 
Scranton",North America,USA,"Scranton, Pennsylvania, USA (New York City/
Philadelphia에서 
190km 거리)","3.0 이상
(4.3 만점 기준)","iBT 80 이상 
또는 
IELTS 6.5 이상",불가,1,학부,,,http://www.scranton.edu,"1-5
8-12","* 미국 예수회대학
* 학생 수: 5,380명
* 전임교수 수: 304명
* 교수 대 학생 비율: 1:10
* 85개 이상의 학부 전공, 50개 이상의 대학원 과정 개설 
* 학교가 위치한 스크랜턴은 미국 최초로 전기차를 발명하고 운행한 도시로서 ""The Electric City""라는 별명을 갖게 되었으며, 전설의 미국 드라마 ""The Office""의 메인 배경이 되기도 하였음
* 캠퍼스는 56개의 건물로 구성  
* 학과: http://www.scranton.edu/academics/colleges-departments.shtml 
* 수강 가능 학점: 15학점
* 프로그램 정보: https://www.scranton.edu/academics/IPS/international-programs-services.shtml ",,
33,영어,University of Hawaii at Hilo,North America,USA,"Hilo, Hawaii","3.0 이상
(4.3 만점 
기준)","IBT 79 이상
또는
IELTS 6.5 이상",불가,2,학부,,,https://hilo.hawaii.edu/exchange/international/,"1-5
8-12","*기관: 하와이 주립대학시스템에 속한 10개의 기관 중 하나임. 
*하와이 주에서 가장 큰 섬인 하와이 섬(빅아일랜드)에 위치하고 있으며, 관광 명소로 유명함
*외국인학생: 전체 학생의 10% (교환학생수: 60-70명, 그 중 30%는 한국교환학생임) 
*교수 대 학생 비율: 1:17 
*학부/대학: College of Agriculture, Forestry, and Natural Resource Management; College of Arts and Sciences; College of Business and Economics; College of Hawaiian Language; College of Continuing Education and Community Service; College of Pharmacy; Graduate Programs; Research Programs; Distance Learning 
* 수강 가능 학점: 18학점
* 프로그램 정보: https://hilo.hawaii.edu/exchange/international/
* 개설과목정보: https://www.sis.hawaii.edu/uhdad/avail.classes?i=HIL",,
34,영어,University of Hawaii at Manoa,North America,USA,"Honolulu, Hawaii","2.7 이상
(4.3 만점 기준)
","iBT 79 이상
또는 
IELTS 6.5 이상
(대학원생의 경우 전공 별로
어학 기준이 다름, 
국제팀으로 문의 바람)",인정,2,학부/대학원,,,http://manoa.hawaii.edu,"1-5
8-12","* 학생수: 20,600명
* 주립대학교 
* 생명과학, 물리, 교육, 사학 등 우수
* 기숙사 자리가 부족하여 추첨에 의해 기숙사 자리를 배정할 수도 있음. 기숙사 배정 받지 못한 학생들은 아파트 렌트하여 생활. 
* 파견 전 본교에서 반드시 24학점 이상 이수 완료해야 함(English language classes and some vocational/technical classes are excluded, as they are not recognized as UH-transferable)
",,
35,영어,"University of Minnesota Twin Cities-
Carlson School of Management",North America,USA,"Minneapolis-St. Paul, 
Minnesota","2.7 이상
(4.3 만점 기준)
",iBT 79 이상 (writing 21점 이상),불가,3,학부,경영학 1전공자,,http://www.csom.umn.edu/,"1-5
8-12","* 경영1전공 학생만 가능하며, 경영대학 내에서만 수업을 수강할 수 있습니다. 
* 학교가 위치한 미니애폴리스는 미네소타 주의 최대 도시로서 미시시피 강이 흐르는 ""물의 도시""로 알려져 있으며 수려한 자연 경관과 상공업이 발달한 도시로서 아름다운 건축물과 자연이 조화를 이루고 있는 도시지만 겨울에는 엄청 추움
* 미국의 명문 주립대로 널리 알려져 있으며 유명한 동문으로는 고어텍스를 개발한 로버트 W. 고어, 손석희, 밥 딜런 등이 있음
* 경영대학 학생 수: 170명 (full time) 1,520 (part-time) 
* 미국내에서 우수한 경영대학 중 하나임: US Ranking #15위 
* 경영 세부 전공: http://carlsonschool.umn.edu/academics   
* 수강 가능 학점: 20학점
* 프로그램 정보: https://carlsonschool.umn.edu/faculty-research/carlson-global-institute/incoming-exchange-students ",TOEFL Mybest score 불인정으로 변경,
36,영어,University of North Carolina Greensboro,North America,USA,"Greensboro, 
North Carolina","2.96 이상
(4.3 만점 기준)","iBT 79 이상 
또는 
IELTS 6.5 이상",인정,1,학부/대학원,,,http://www.uncg.edu/,"1-5
8-12"," * University of North Carolina 시스템에 속한 17개의 고등교육기관 중 하나임
* Greensboro는 흑인인권운동의 전환점이 된 Greensboro Sit-In 평화시위가 진행되었던 장소로 알려져 있으며, 빼어난 자연 경관으로도 유명한 도시임(그린즈버러 수목원)
* 학생 수: 약 17,200명 
* 교수 대 학생 비율: 1:17 
* 우수분야: 아트&테크놀로지, 교육, 간호, 경영 등
* Academic Departments with full restrictions: Nursing, graduate level courses in the English Department, graduate level courses in the Counseling and Educational Development Department, graduate level courses in Psychology, Communication Sciences and Disorders  Academic Departments with some restrictions: Media Studies
*학과: http://www.uncg.edu/academics/ 
*수강 가능 학점: 15학점
* 프로그램 정보: https://global.uncg.edu/ ",,
37,영어,University of North Georgia,North America,USA,"Dahlonega, Georgia
(Atlanta에서 1시간 거리)","2.7 이상
(4.3 만점 기준)
","iBT 79 이상 
또는 
IELTS 6.5 이상",인정,3,학부,경영전공 수강불가,,http://ung.edu/,"1-5
8-12","* University of Georgia 주립대학교 시스템의 7개 4년제 캠퍼스 중 한 곳)
* 학생수: 18,219명(학부: 17,704명, 대학원 515명)
* 미국의 6대 Senior Military College이자 4년제 종합 대학으로 운영.
* 우수한 리더십 교육과 지도자 양성으로 Georgia 주에서 'The Leadership Institute of Georgia'로 지정
* 아시아 학생이 적으며, 대부분의 학생이 전형적인 미국 백인 학생임
* 학교 기숙사인 Global Learning Community에서 다양한 국적의 교환학생 및 유학생들과 함께 지낼 수 있음
* 한국어 전공 프로그램이 잘 발달해 있기 때문에 학생들과 쉽게 친해질 수 있음
* 인기학과: 생물, 간호, 경영. 심리, 마케팅
* 학과: http://ung.edu/academics/college-units.php 
* 수강 가능 학점: 18학점
* 프로그램 정보: https://ung.edu/international-student-scholar-services/exchange-program.php 
* 개설교과목정보: https://ssb.ungprod.ung.edu/StudentRegistrationSsb/ssb/term/termSelection?mode=search",,
38,영어,University of Portland,North America,USA,"Portland, Oregon","2.7 이상
(4.3 만점 기준)","iBT 79 이상 
또는 
IELTS 6.5 이상",불가,2,학부,,,https://www.up.edu,"1-5
8-12","* 신규 협정교
* 미국 가톨릭 사립대학
* 학생 수: 4,250명
* 1901년도에 설립
* 경영대와 공대 프로그램이 우수한 것으로 유명하며 40개가 넘는 전공 프로그램을 제공하고 있음
* 포틀랜드 시내와는 15분 정도 떨어져 있으며 포틀랜드는 미국 내에서도 자유롭고 자연 경관이 아름다운 곳으로 유명한 도시임
* 히피 문화의 성지로서 다양한 성향의 사람들이 도시를 구성하고 있으며 자전거 타기 좋은 도시로도 널리 알려져 있음
* 개설교과목정보: https://registration.up.edu/StudentRegistrationSsb/ssb/term/termSelection?mode=search",,
39,영어,University of San Diego,North America,USA,"San Diego, California","2.7 이상
(4.3 만점 기준)","iBT 80 이상 
또는 
IELTS 6.5 이상",불가,2,학부,,,https://www.sandiego.edu/,"1-5
8-12","* 신규 협정교
* 미국 가톨릭 사립대학
* 학생 수: 8,231명
* 미국에서 가장 아름다운 캠퍼스 1-2위에 항상 선정되는 대학
* 샌디에고 다운타운에서 20분 거리에 위치해 있음
* 학교가 위치한 샌 디에고는 미항으로 유명하고 다양한 영화의 배경이 된 서부를 대표하는 도시 중 하나임(탑건, 브루스 올마이티 등)
* 우수분야: 정치외교학, 경영학",,
40,영어,University of San Francisco,North America,USA,"San Francisco, California","3.0 이상
(4.3 만점 기준)","iBT 80 이상
(각 파트별로 18점 이상)
또는
IELTS 6.5 이상
(각 파트별로 6.0 이상)",불가,3,학부,,,http://www.usfca.edu,"1-5
8-12","* 미국 예수회대학
* 학생 수: 8,568명
* 평균 학급 크기는 약 20명
* 한 학기 12-18학점 신청 가능
* 최첨단 기술 단지인 실리콘 밸리에서 1시간 내의 거리에 위치 
* 학교가 위치한 샌프란시스코는 California의 북부를 대표하는 대도시로서, 금문교(Golden Gate), 앨커트래즈 섬, 베이 브릿지 등의 명소로 유명하며 영화(앤트맨, 혹성탈출, 베놈 등) 및 다양한 매체(GTA 산 안드레아스, 메탈슬러그, 와치독스2 등)에도 자주 등장하는 도시임
* 기숙사가 부족한 편임
* 우수분야: 정치외교학, 커뮤니케이션, 사회학
* 학부 과목만 수강 가능(College of Arts & Sciences, & School of Management)
* Dual-Degree Teacher Program 및 기타 Special Programs은 교환학생 수강 불가능
* College of Arts & Sciences에는 60여개가 넘는 전공 프로그램을 제공하고 있으며, 문과계열의 대부분의 학과 수업을 제공 (경영 제외)
* 학과: https://www.usfca.edu/arts-sciences/undergraduate-programs ",,
41,영어,University of South Carolina,North America,USA,"Columbia, South Carolina","2.7 이상
(4.3 만점 기준)
","iBT 79 이상 
또는 
IELTS 6.5  이상",불가,1,학부,,,https://www.sc.edu/,"1-5
8-12","* 설립: 1805년(주립대학교)
* University of South Carolina System의 8개 대학 중 하나
* Columbia는 사우스캐롤라이나의 주도로서 주변 도시로서의 이동이 용이함
* 신방, 경영/경제, 심리학, 범죄학, 영문, 공학, 철학, 사회학 등 우수
* 교환학생 프로그램이 잘 운영되고 있는 대학 중 하나로서 다양한 국적 및 문화의 학생들과 함께 교환학생 생활을 즐길 수 있음
* 국제경영은 교환학생을 받지 않음
* 학생수: 약 33,772명(학부: 25,254명, 대학원: 8,518명) 
* 교원수: 약 2,100명 이상 
* 학과: http://www.sc.edu/study/colleges_schools/index.php 
* 수강 가능 학점: 16학점
* 프로그램 정보: https://sc.edu/about/offices_and_divisions/study_abroad/incoming_exchange_students_and_partners/index.php 
* 개설과목정보: https://classes.sc.edu/",,
42,영어,University of Southern Maine,North America,USA,"Portland, Maine","2.7 이상
(4.3 만점 기준)
","iBT 79 이상 
또는 
IELTS 6.5  이상",인정,4,학부,,,http://www.usm.maine.edu/,"1-5
8-12","* 설립: 1878년(주립대학교)
* 학생 수: 약 7,739명 
* University of Maine System의 7개의 캠퍼스 중에서 규모가 가장 큰 캠퍼스임
* USM 캠퍼스: Portland, Gorham, Lewiston 
* 교수 대 학생 비율: 1:16
* 아시아 학생이 적으며, 대부분의 학생이 미국 백인 학생임  
* 학교가 위치한 Portland는 메인 주의 최대도시이며 보스턴과는 차로 1시간 반 정도 떨어져 있음.
* Portland는 아름다운 항구 도시로 유명하며 랍스터가 맛있기로 유명함.
* 학과: http://usm.maine.edu/majors-minors-programs 
* 수강 가능 학점: 15학점
* 프로그램 정보: https://usm.maine.edu/office-international-programs/exchange-students/
* 개설과목정보: https://usm.maine.edu/registration-scheduling-services/course-search/",,
43,영어,The University of Texas at Dallas,North America,USA,"Richardson, Texas","3.3 이상
(4.3 만점 기준)","iBT 80 이상 
또는 
IELTS 6.5  이상",인정,1,학부,,,https://ie.utdallas.edu/go-abroad/incoming-exchange/,"1-5
8-12","* 설립: 1961년(공립대학교)
* 공학, 자연과학 등 우수
* 학생 수: 29,543명
* Dallas-Forth worth Metroplex에서 멀리 떨어지지 않은 Richardson 지역에 위치.
* Telecom corridor 로 불릴정도로 최근 미국 내에서 크게 성장 중인 기술집약적 지역으로 각광받는 지역에 위치해있음. ",,
44,영어,University of Utah,North America,USA,"Salt Lake City, Utah","2.9 이상
(4.3 만점 기준)","iBT 80 이상
또는
IELTS 6.5 이상",불가,1,학부,,,http://www.utah.edu/,"1-5
9-12","* 설립: 1850년(주립대학교)
* 심리학, 경제학 등 우수
* 학생 수: 31,860명(학부: 23,789명, 대학원: 8,071명)
* 교수 대 학생 비율: 1:16
* Salt Lake City 공항에서 20분 거리에 위치함
* 수강제한 학과: Law, Dentistry, Medicine, Nursing, and Pharmacy. In addition, one undergraduate program, Medical Laboratory Sciences cannot allow exchange students to take their coursework. Other graduate programs are case by case
* 학과: http://www.utah.edu/academics/colleges.php 
* 개설교과목정보: https://registrar.utah.edu/Catalog-schedules.php",,
45,영어,Xavier University,North America,USA,"Cincinnati, Ohio","2.7 이상
(4.3 만점 기준)",iBT 79 이상,인정,1,학부,,,http://www.xavier.edu/,"1-5
8-12","*설립: 1831년 (예수회)
*Cincinnati에 Fortune 500 기업 중에 9개가 위치하고 있음. (크로거, P&G, Macy's 등)
*학생 수: 약 6,500명 (학부 4,500명 + 대학원 2,000명) 
*학교 규모가 작은 편이므로 가족적인 분위기를 누릴 수 있다고 함.  
*신시내티 시내와는 차로 15분 정도 떨어져 있으며, 신시내티 미술관과 수족관 등 관광명소 방문하기 용이함 
*학기 시작 전, ESL 과정 이수 가능(수강료 본인 부담).
*수강 가능 학점: 18학점
*프로그램 정보: https://www.xavier.edu/international-admission/applications-and-requirements/exchange/index ",,
46,영어,University of Graz,Europe,Austria,Graz,"2.7 이상
(4.3 만점 기준)","iBT 79 이상 
또는 
IELTS 6.5  이상",인정,4,학부/대학원,"반드시 영어강의 확인 후 신청할 것
(경영, 경제, 사회, 심리, 영미어문 등 지원 가능)",,"Exchange Program
Courses","2-7
9-2","*1585년에 설립된 오스트리아에서 두 번째로 크고 두 번째로 오래된 대학
*그라츠는 오스트리아에서 비엔나 다음으로 두 번째로 큰 오랜 전통의 교육 도시
*그라츠의 구 시가지는 중부 유럽 안에서 가장 잘 보존된 도심 중 하나임
*교환학생 시스템이 매우 잘 되어 있음
*학생 수 약 3만명 중 15%가 국제 학생
*다수의 노벨상 수상자 배출(화학, 생리학, 물리학, 의학상 등)
*저렴한 비용으로 스키장 이용 가능
*영어강의 리스트 반드시 확인 후 지원
https://online.uni-graz.at/kfu_online/ee/ui/ca2/app/desktop/#/pl/ui/$ctx/wbENLVSuche.wbEnLvSuchePage?$ctx=design=ca2;header=max;lang=en 
*Lab placements are generally difficult and cannot be guaranteed.
*Incoming exchange students are required to successfully complete a minimum of 16 ECTS per semester of their stay at the University of Graz.
*Incoming students can co-enroll and take additional courses at other universities in Graz.
  However, ECTS completed at other universities in Graz do NOT count towards the above-mentioned ECTS requirement of University of Graz. 
  (그라츠 도시에 위치하고 있는 다른 대학에서도 수업 수강이 가능하나, University of Graz가 아닌 다른 대학에서 이수한 과목은 서강대학교에서 학점인정을 받을 수 없음) 
",,
47,영어,University of Innsbruck,Europe,Austria,Innsbruck,"2.7 이상
(4.3 만점 기준)","iBT 79 이상 
또는 
IELTS 6.5 이상",인정,4,학부/대학원,"반드시 영어강의 확인 후 신청할 것
(기계공학, 전자공학 지원 불가)",,"Exchange Program
Courses","3-6
10-2","*설립: 1669년
*학생 수: 28,100명(이 중 13,500명이 국제 학생)
*오스트리아 티롤 주 안에서 가장 큰 교육 시설이며, 오스트리아 내 빈 대학교, 그라츠 대학교 다음으로 가장 큰 대학
*다수의 노벨상 수상자 배출(화학상, 물리학상 등)
*Innsbruck은 알프스의 풍경과 경치가 아름다운 곳으로 서유럽에서 가장 인기있는 겨울 스포츠 관광지(1964년, 1976년 동계 올림픽 개최, 2회 이상 올림픽 개최한 전세계 3개 도시 중 하나)
*2023년 가을학기에 첫 파견
*수강분야 관련 안내: 
These programs are NOT available to exchange students:
a) Study Programmes, which are offered by the UIBK in cooperation with other universities (Mechatronics, Environmental Management of Mountain Areas, Electrical Engineering)
b) Teacher Education Programmes
c) Business studies is open for students nominated for business studies. Exchange students who are nominated for other studies cannot take business classes. 
*Students are NOT allowed to take courses outside of the faculty that they are nominated for. 
*한 학기 16~30 ECTS 이수
*영어강의 및 선수과목 이수 여부 확인 후 지원(전공별로 영어강의 수가 제한적임)",,
48,영어,University of Antwerp,Europe,Belgium,Brussel,"2.7 이상
 (4.3 만점 기준)","iBT 80 이상 
 또는
 IELTS 6.5 이상",불가,2,학부/대학원,"경영/경제 1,2전공","2026-1학기에 
5학기 이상인 자","Exchange Program
Courses","2-6
 9-2","*설립: 2003년
*학생 수: 20,000여 명
*Antwerp는 벨기에 제2의 도시이며, 유럽의 중심부에 위치한 유럽에서 두 번째로 큰 항구임. 과거부터 무역이 활발한 도시임
*양교 경영대학 간 체결된 교환협정
*경영학 인증 AACSB, EQUIS, AMBA
*영어강의 확인 필수",,
49,영어,"University of Economics, Prague",Europe,Czech Republic,Prague,"2.7 이상
(4.3 만점 기준)","iBT 79 이상
또는
IELTS 6.5 이상",불가,2,학부/대학원,"경영/경제 1, 2 전공",,"Exchange Program
Courses","2-6
9-2","*프라하 시내에 위치한 체코 최대의 경제경영분야 대학
*One of the best business schools in Central and Eastern Europe (2024년에 AACSB 경영인증 획득)
*영어강의 다수 
*서유럽 국가에 비해 기숙사비 및 생활비가 저렴함
*Housing guaranteed for exchange students
*한 학기에 20~35 ECTS 이수",,
50,영어,University of West Bohemia,Europe,"Czech 
Republic",Pilsen,"2.7 이상
(4.3 만점 기준)","iBT 79 이상
또는
IELTS 6.5 이상",인정,2,학부/대학원,"경영/경제 1, 2전공",,"Exchange Program
Courses","9-2
2-6","*설립: 1991년
*학생 수: 11,000명
*Pilsen에 위치(프라하에서 차로 1시간 거리, 필스너 우르켈 맥주로 유명, 프라하보다 물가가 싼 편)
*버디 프로그램이 잘 되어 있음
*한국 학생들의 수가 많지 않고, 유럽권 학생들이 많은 편임",,
51,영어,Aarhus University,Europe,Denmark,Aarhus,"2.7 이상
(4.3 만점 기준)","iBT 83 이상
또는
IELTS 6.5 이상",불가,8,학부/대학원,"우측 ""관련 웹사이트"" 란에서 departments 와 영어과목 확인 필수
Aarhus campus 하나만
선택할 것 ",,"Exchange Program
Courses","8-1
1-6","*설립: 1928년, 학생 수 약 43,600명
*덴마크 제2의 도시인 Aarhus에 위치
*덴마크에서 두 번째로 좋은 대학
*영어과목 확인 필수 
*한 학기에 25~30 ECTS 수강해야 함
*Please note that students can select courses from one faculty only, and most faculties allow students to choose courses from one department only.
*선발된 학생 중 1명의 학생에게 Aarhus University에서 장학금 지급(현지 도착 후, 약 USD 1,400)",,
52,영어,"Aarhus University
(정치외교)",Europe,Denmark,Aarhus,"2.7 이상
(4.3 만점 기준)","iBT 83 이상
또는
IELTS 6.5 이상",불가,2,학부/대학원,"정치외교학 1전공
(최소 1년 이상 정치외교학 과목 및 리서치 방법론 이수했을 것)",,"Exchange Program
Courses","8-1
1-6","*설립: 1928년, 학생 수 약 43,600명
*덴마크 제2의 도시인 Aarhus에 위치
*영어과목 확인 필수 
*한 학기에 30 ECTS 수강해야 함
*지원자격 반드시 확인 후 지원할 것(지원 자격: 바로 가기 -> Prerequisites / Admission requirements)
*선발된 학생 중 1명의 학생에게 Aarhus University에서 장학금 지급(현지 도착 후, 약 USD 1,400)",,
53,영어,University of Copenhagen,Europe,Denmark,Copenhagen,"2.7 이상
(4.3 만점 기준)","iBT 80 이상
또는
IELTS 6.5 이상",불가,2,학부/대학원,"반드시 ""관련 웹사이트"" -> ""Course Restrictions"" 링크 확인하고 지원할 것. 일부 전공들은 교환학생들을 아예 안 받거나, 덴마크어로만 수업 진행",,"Exchange Program
Faculty of Humanities
Course Restrictions
Courses","2-6
9-1","*설립: 1479년
*학생 수: 37,000명
*덴마크에서 가장 오래되고 규모가 큰 세계적인 수준의 연구대학
*우리학교와 U of Copenhagen의 Faculty of Humanities와의 교류협정임
*반드시 좌측 Course Restrictions 링크 확인하고 지원할 것
*Danish way of lecture: interactive
*Note that courses offered in English are not announced in the course catalogue until 3 months prior to semester start
*한 학기에 22.5~35학점 이수
*물가는 비싼 편",,
54,영어,Hanken School of Economics,Europe,Finland,Helsinki,"2.7 이상
(4.3 만점 기준)","iBT 79 이상
또는 
IELTS 6.5 이상",인정,4,학부/대학원,"경영/경제 1, 2 전공 ","2026-1학기에 
5학기 이상인 자","Exchange Program
Courses","1-5
8-12","*핀란드 헬싱키에 위치
*Areas of strengh: Finance and statistics, Intellectual property law, Management and organisaton, Relationship marketing and service management
*Triple Crown 대학(Equis, AACSB, AMBA 인증)이고 영어강의 많으며 수준 높음
*한 학기 최소 20 ECTS 이상 이수
*housing guaranteed for exchange students
*교환학생들을 위한 활동이 활발함(예: trip to Lapland & Stockholm(Sweden) 등)",,
55,영어,University of Tampere,Europe,Finland,Tampere,"2.7 이상
(4.3 만점 기준)","iBT 92 이상
(파트별 점수 각 20점 이상)
또는
IELTS 6.5 이상(Minimum Score 5.5 on all parts)",인정,2,학부/대학원,"영어영문, 미국문화전공학생
 지원 불가능
(타전공도 반드시 영어강의 확인 후 지원)",,"Exchange Program
Courses","1-5
 8-12","*설립: 1925년, 학생 수 17,600
*핀란드 중부 문화와 상업의 중심지에 위치
*반드시 영어강의 확인 후 신청
*Architecture, Medicine, Theatre Arts and English Language are not available for exchange students
*한 학기 최소 20 ECTS 이상 이수",,
56,영어,University of Turku,Europe,Finland,Turku,"2.7 이상
(4.3 만점 기준)","iBT 79 이상
또는 
IELTS 6.5 이상",불가,2,학부/대학원,"정치학, 사회학, 사학
1, 2 전공","2026-1학기에 
5학기 이상인 자","Exchange Program
Courses","1-5
8-12","*설립: 1920년
*학생 수: 20,000명(핀란드에서 헬싱키 대학 다음으로 두번째로 큰 규모의 대학임)
*East Asian Studies 프로그램 우수하며 영어강의 제공함",,
57,영어,Audencia Nantes School of Management,Europe,France,Nantes,"2.7 이상
(4.3 만점 기준)","iBT 79 이상
또는
IELTS 6.5 이상",인정,1,학부,"경영/경제 1,2 전공 ","2026-1학기에 
5학기 이상인 자","Exchange Program
Courses in English ","1-5
9-12","*경영계열 그랑제꼴
*프랑스에서 6번째로 큰 도시인 낭트에 위치함(프랑스 서부 지역)
*경영학 인증 AACSB, EQUIS, AMBA(전 세계 상위 0.5% 경영대학만이 3개 경영학 인증 보유)
*학생수 약 6,100명, 국제화가 잘 되어 있음
*Over 60% of classes are taught in English
*한 학기에 15~30 ECTS 이수",,
58,영어,Burgundy School of Business,Europe,France,"Dijon, Lyon","2.7 이상
(4.3 만점 기준)","iBT 80 이상
또는
IELTS 6.5 이상",인정,2,학부/대학원,"경영/경제 1, 2 전공 ","2026-1학기에 
5학기 이상인 자","Exchange Program
Courses","1-4
9-12","*경영계열 그랑제꼴
*경영학 인증 AACSB, EQUIS, AMBA(전 세계 상위 0.5% 경영대학만이 3개 경영학 인증 보유)
*Dijon is the capital of Burgundy with a rich cultural heritage
*Surrounded by the famous Burgundy vineyards
*외국인학생, 외국인교수 다수있음
*학생들이 다양한 프로그램을 선택할 수 있음(3rd year Bachelor in Management, Master in Management Year 1등)
*해당 학교에 선발되어 지원시 course catalogue 중 지원자격이 되는 것에 한해 선택 가능
*Housing guaranteed for exchange students",,
59,영어,Catholic University of Lille,Europe,France,Lille,"3.0 이상
(4.3 만점 기준)","iBT 79 이상
또는
IELTS 6.5 이상",인정,3,학부/대학원,"영미어문/미국문화,
정치학,  경제학
1, 2 전공 ",,"Exchange Program
Courses","1-5
9-12","*사립, 가톨릭대학, 설립 1875년
*학생 수 36,700명  협정교 350 개 대학 
*프랑스 최대규모의 가톨릭 대학으로 국제협력 활발
*The following areas of study are NOT open to exchange students:
Medicine - Midwifery – Nursing – Physiotherapy – Chiropody – Faculty of Law: 2nd year of Master (Master de Droit).
Digital animations and video games (open to exchange students on request).
*한 학기에 20~30 ECTS 이수",,
60,영어,Catholic University of Paris,Europe,France,Paris,"3.0 이상
 (4.3 만점 기준)","iBT 79 이상
또는
IELTS 6.5 이상",인정,3,학부,"영미어문/미국문화 
1, 2 전공 ","2026-1학기에 
5학기 이상인 자","Exchange Program
Courses","1-6
9-12","*학생 수: 약 15,000명
*사립, 가톨릭대학
*Faculties: Theology, Philosophy, Law, Humanities, Social Sciences(Literature, History, Language, History of Arts), Economics, Education
*The University's French language school, the ""Institut de Langue et Culture Francaises"" (ILCF) offers French as Foreign Language classes (FLE) free of charge for exchange students during the semester: 21 hours, delivering 4 ECTS.
*교환학생으로 추천된 Faculty 수업만 수강할 수 있음",,
61,영어,ESC Toulouse,Europe,France,Toulouse,"2.7 이상
(4.3 만점 기준)","iBT 79 이상
또는 
IELTS 6.5 이상",불가,2,학부/대학원,경영 1전공,,"Exchange Program
Courses","1-4
9-12","*1903년 툴루즈 상공회의소에 의해 설립된 경영계열 그랑제꼴
*Triple Crown 대학(Equis, AACSB, AMBA 인증)
*최소 24 ECTS 이수
*In most cases it is not possible to mix between English-medium and French medium courses. ",,
62,영어,Grenoble Ecole de Management,Europe,France,Grenoble,"3.0 이상
(4.3 만점 기준)","iBT 80 이상
(각 파트별 점수 21 이상)
또는
IELTS 6.5 이상",인정,1,학부/대학원,"경영 1, 2 전공 ",,Exchange Program,"1-5
9-12","*경영계열 그랑제꼴, 경영학 인증 AACSB, EQUIS, AMBA
*FT 유럽 경영대 순위 21위로 최상위 대학
*외국인 학생 약 1,500명
*Grenoble Graduate School of Business 프로그램에 지원가능
*겨울에는 스키 등 winter sports를 위한 최적의 위치
*한 학기 30 ECTS 이수",,
63,영어,"INSA de Lyon
(공학부만 파견)",Europe,France,Lyon,"2.7 이상
(4.3 만점 기준)","iBT 80 이상
또는 
IELTS 6.5 이상",인정,4,학부,"컴퓨터공학 1,2 전공
전자공학 1,2 전공","2026-1학기에 
5학기 이상인 자",Exchange Program,"2-5
9-1","*프랑스 명문 공대
*가을학기에만 Information-Science-Technology(IST) 프로그램을 제공함(영어강의)
*housing guaranteed for exchange students",,
64,영어,Institut Superieur D'Electronique de Paris (ISEP),Europe,France,Paris,"2.7 이상
(4.3 만점 기준)","iBT 79 이상
또는
IELTS 6.5 이상",인정,2,학부/대학원,"컴퓨터공학 1, 2 전공
전자공학 1, 2 전공
인공지능학 1, 2 전공","2026-1학기에 
5학기 이상인 자","Exchange Program
Courses","2-6
9-1","*파리에 있고, Private partners와의 연계가 잘 되어 있어 하우징 서비스가 좋으나 가장 싼 방이 한 달에 500 EUR 정도임
*3, 4학년만 파견이 가능하며 연장하여 체류할 경우 두번째 학기에 4~6개월 동안의 인턴쉽(유급) 기회가 있음. 이 대학 학생들은 4학기 때 의무적으로 인턴쉽 프로그램에 참여함. 
*학생 수는 1,200~1,500정도의 작은 학교임
*영어강의 확인 
*한 학기 15~33 ECTS 이수",,
65,영어,Jean Moulin Lyon 3 University,Europe,France,Lyon,"2.7 이상
(4.3 만점 기준)","iBT 80 이상
 (각 파트별 20점 이상)
또는
IELTS 6.5 이상
(Minimum Score 6.0 on all parts)",인정,2,학부,"경영, 인문대학
 1,2전공
 (강의 수가 제한적이므로, 관련 웹사이트에서 course list 확인 필수)","2026-1학기에 
5학기 이상인 자","Exchange Program
SELF Program","1-6
 9-12","*설립: 1973년(공립대학교)
*지원 대상: 기초 프랑스어 지식(A2 레벨 정도)이 있고 프랑스문화에 관심 있는 학생 
*프랑스어(5 ECTS)+프랑스문화(3 ECTS)+영어강의(최대 4개) 과목으로 구성된 SELF (Study in English, Lyon France) 프로그램에 참여하는 것임
*프랑스어와 프랑스문화 수업을 필수적으로 이수해야 함
*The SELF classes all take place on the ""Manufacture Campus""
*반드시 프로그램에 대해 확인 후 지원할 것 
*housing guaranteed for exchange students",,
66,영어,Paris Dauphine University,Europe,France,Paris,"2.7 이상
(4.3 만점 기준)","iBT 92 이상
또는
IELTS 6.5 이상",불가,4,학부/대학원,"
경영/경제 1, 2  전공
","2026-1학기에 
5학기 이상인 자","Exchange Program
Courses","1-5
9-12","*파리 소재 경영, 경제분야의 명문대학
*PSL 그룹으로 QS Apple 세계 대학랭킹 #52위(2021년도 기준)
*경영학 인증 EQUIS
*교환학생 별도수업
*도서관과 스포츠 시설 우수",,
67,영어,Sciences-Po Paris,Europe,France,"Paris
Reims(신방)","2.7 이상
(4.3 만점 기준)","iBT 100 이상 
또는
IELTS 6.5 이상",불가,6,학부/대학원,"
정외, 사회, 신방/미디어, 사학
1, 2 전공 
","2026-1학기에 
5학기 이상인 자",Exchange Program,"1-5
9-12","*파리 소재 정치, 사회과학 분야의 명문대학 
*졸업생들이 엘리트 그룹을 형성하여 프랑스 정치/외교계, 국제기구 등 각계에 진출하고 있음
*국제화가 활발한 대학임 (외국학생 약 47%) 
*신방과 학생들은 Reims 캠퍼스에 파견함",,
68,영어,European Business School,Europe,Germany,"Oestrich-Winkel 
(Frankfurt, Mainz, 
Wiesbaden에서 
가까움)","2.7 이상
(4.3 만점 기준)","iBT 80 이상
또는 
IELTS 6.5 이상 ",인정,2,학부/대학원,경영/경제 1 전공 ,,Exchange Program,"1-5
8-12","*설립: 1971년
*독일에서 보기 드문 사립 경영대학으로 입학 후 학생관리 잘 되어있음. 
*학생 수 약 1,400명(450여 명이 국제학생)
*프랑크푸르트에서 차로 약 한 시간 거리
*학부 4학기 학생 전원을 교환학생으로 파견함
*졸업 후 독일 유명기업 취업률이 높고 성공한 동문들이 학교를 적극 후원하고 있음 
*100% of courses at Bachelor level in English
*교내 기숙사는 없으나, 숙박 정보를 제공해줌",,
69,영어,Free University of Berlin,Europe,Germany,Berlin,"2.7 이상
(4.3 만점 기준)","iBT 95 이상
또는 
IELTS 7.0 이상",인정,4,학부,"영미어문, 미국문화 1  전공",,"Exchange Program
Course Catalogue","4-7
10-2","*설립: 1948년(2차대전 이후에 서독지역에 설립됨)
*학생 수 31,000명
*짧은 역사에도 불구하고 탁월한 학자 다수 배출한 명문대
*one of eleven German Excellence Universities
*한국학과 있음
*강의 언어: Almost all subjects are taught in German. Subjects taught in English outside the Departments of English and North American Studies are very limited in number. Students must have an English language level of C1 to attend courses at the John F. Kennedy Institute for North American Studies. (세계적으로 권위있는 연구소임) 
Availability may vary and cannot be guaranteed.
*6주 집중 예비 독일어 코스(학기 시작 전, 약 780유로): 바로가기
*학기 중 제공되는 독일어 코스(무료): 바로가기",,
70,영어,Ludwig Maximilian University of Munich (LMU),Europe,Germany,München,"2.7 이상
(4.3 만점 기준)","iBT 95 이상
또는 
IELTS 7.0 이상",인정,"1

 *독일어권 지원자가
 없을 경우,
 영어권 파견인원
 1명 증원하여 총 2명으로 할 예정",학부,"영미어문, 미국문화, 경영, 경제, 정치외교, 사회 1전공
(단, 영어강의 반드시 확인하고 지원할 것)","2026-1학기에 
5학기 이상인 자","Exchange Program
Courses","4-7
10-2","*설립: 1472년
*학생 수: 53,000명(18%가 국제학생)
*독일 뮌헨소재 명문대학
*독일 최우수 3개 대학 중 하나로 선정됨
*다수의 노벨상 수상자와 독일 총리, 대통령 배출
*English language classes (Translation, Grammar, etc.) are not open to exchange students
*30 ECTS 수강 필요
*Exchange students must take at least 60% of their courses in their major / minor only
*can take up to 40% of their remaining courses in no more than two further subject areas (example: 60% of courses in German Philology, 20% of courses in History and 20% in Political Science)",,
71,영어,Mannheim University (Business),Europe,Germany,Mannheim,"2.7 이상
(4.3 만점 기준)","iBT 80 이상
또는 
IELTS 6.5 이상",인정,2,학부,"경영 1, 2 전공",,"Exchange Program
Courses","2-6
9-12","*설립: 1967년
*경영학인증: AACSB, EQUIS, AMBA(triple accreditation)
*세계경영대학 Ranking 상위
*독일 내 경영대학 Ranking 최상위 
*학생 수 4,000명 (25% with int'l background)",,
72,영어,Mannheim University (Humanities),Europe,Germany,Mannheim,"2.7 이상
(4.3 만점 기준)","iBT 80 이상
또는 
IELTS 6.5 이상",인정,2,학부,"영미어문, 독일문화, 사학, 철학 1전공",,"Exchange Program
Courses","2-6
9-12","*설립: 1967년
*CHE(독일대학랭킹시스템) Ranking에서 교육의 질적우수성 인정
*학제간 교육 및 국제적인 관점에서 수행하는 문화, 사회 간의 연구 교류에 특화
*우수한 인문학 프로그램을 지니고 있음",,
73,영어,Philipps-University Marburg,Europe,Germany,Marburg,"2.7 이상
(4.3 만점 기준)","iBT 79 이상
또는 
IELTS 6.5 이상",인정,5,학부,"경제학, 독일문화 1 전공
(단, 독일문화 1전공 학생이 지원할 경우 Fee-paying program에 참여하게 됨",,"Exchange Program
Courses
IUSP(Fee paying program)","4-7
10-2","*설립: 1527년, Marburg 인구 80,000명 중 학생 약 25,000명
*우수분야: 철학, 신학, 사회과학, 심리학 등
*독일문화 전공 학생; 독일어 120시간+독일문화, 역사에 관한 영어강의 수강(웹사이트의 IUSP 프로그램 안내 참조: https://www.uni-marburg.de/iusp) 프로그램 비용 7,550유로 정도)
*housing guaranteed for exchange students ",,
74,영어,University of Bonn,Europe,Germany,Bonn,"3.0 이상
(4.3 만점 기준)","iBT 79 이상
또는 
IELTS 6.5 이상",불가,3,학부,반드시 영어강의 확인 후 지원할 것,,"Exchange Program
Faculties
Courses","4-7
10-2","*설립: 1818년
*학생 수: 약 35,000명(10%가 국제학생)
*공식 명칭: The Rheinische Friedrich-Wilhelms-Universität Bonn 
*소재도시인 Bonn은 독일에서 가장 오래된 도시 중 하나로, 2천년 이상의 역사를 지녔으며, 베토벤의 출생지이자, 1949년부터 1990년까지 독일 연방 공화국의 수도였음
*국제적 수준의 연구중심대학(one of only 11 German Universities of Excellence and the only German university with six Clusters of Excellence)
*영어강의 확인 필수
*한 학기에 30 ECTS 이수
*housing guaranteed for exchange students",,
75,영어,Tuebingen University,Europe,Germany,Tuebingen,"2.7 이상
(4.3 만점 기준)","iBT 87 이상
또는
IELTS 6.5 이상",불가,3,학부,"반드시 우측 ""관련 웹사이트""에서 Faculties 및 영어강의 확인 후 지원할 것

""생명공학"" 지원불가""",,"Exchange Program
Courses","4-8
10-2","*공식 명칭: Eberhard Karls Universität Tübingen
*설립: 1477년
*독일 전통 명문대학(one of eleven German Excellence Universities)
*영어강의 확인 필수 
*Course access restrictions apply for
- Courses/studies in Biology (all levels): only available for students from overseas whose major at their home university is biology or a closely related study field.
- Courses/studies in Pharmacy (all levels): only available for students whose major at their home university is pharmacy.
- Courses/studies in Economics & Business Administration (B.Sc.): Overseas students wishing to study exclusively in English in our Bachelor programs must have completed at least two courses in math / statistics / econometrics and two in business studies or economics (e.g., microeconomics).
*Two lectures and two seminars per semester are recommended. In addition, students can attend courses in the area of German as a foreign language or other transdisciplinary classes. 
*한 학기에 30 ECTS 이수
*한국학과 있음
*Housing guaranteed for exchange students",,
76,영어,Ca' Foscari University of Venice,Europe,Italy,Venice,"2.7 이상
(4.3 만점 기준)","iBT 79 이상
또는
IELTS 6.5 이상",불인정,1,학부,"경영, 경제, 사학, 정외
 1, 2 전공",,"Exchange Program
Courses","2-6 
9-1","*설립: 1868년(국립대학)
*학생 수 24,000명(국제학생 1,500명 이상), 한국학과 있음
*영어강의 확인필수
*Asian Studies 있음",,
77,영어,Luiss Guido Carli,Europe,Italy,Rome,"2.7 이상
(4.3 만점 기준)","iBT 79 이상
또는
IELTS 6.5 이상",불인정,3,학부/대학원,"경영 1전공/
경제 1전공/
정치외교학 1전공",,"Exchange Program
Courses","2-6 
9-2","*설립: 1974년
*Luiss ranks #1 in Italy, #10 in Europe, #22 in the world for Political and International Studies
*경영, 경제, 정치외교 파견 가능
*이탈리아 수도 로마에 위치하여 접근성이 좋음
*서강대 국제팀에서는 2022년 6월 1일 이후에 본 어학시험 결과를 토대로 선발하나, 상대교에서는 2022년 9월 1일 이후에 본 어학성적표 제출을 요구하므로, 2022년 8월 31일 이전에 어학시험을 봤다면 다시 시험 봐서 상대교에 제출해야 함",,
78,영어,University of Bologna,Europe,Italy,Bologna,"2.7 이상
(4.3 만점 기준)","iBT 79 이상
또는
IELTS 6.5 이상",인정,2,학부/대학원,"경영, 경제 1전공",,"Exchange Program
Courses","2-7
9-2","*설립: 1088년(세계에서 가장 오래된 대학교)
*이탈리아 국내는 물론 유럽과 전 세계적으로 최고 수준의 평가를 받는 우수한 대학이며 대학교(universitas)라는 명칭을 처음으로 사용한 곳
*학생 수: 9만 3천여 명",,
79,영어,Maastricht University (School of Business and Economics),Europe,Netherlands,Maastricht,"2.7 이상
(4.3 만점 기준)","iBT 90 이상
또는
IELTS 6.5 이상",불가,10,학부,"경영 1, 2 전공","2026-1학기에 
5학기 이상인 자","Exchange Program
Courses","9-1
2-7","*경영학부분 탑 대학임
*경영학 인증: AACSB, EQUIS, AMBA 
*22,000여 명의 학생 중 55%가 국제 학생
*전과목 영어 강의
*경영학 전공 과목 10과목 이상 수강자 지원 가능
*PBL(Problem Based Learning) System을 체험할 좋은 기획임(The educational system-Problem-Based Learning (PBL) - requires students to actively take part in the tutorial group meetings. The PBL system is explicitly student-centred, rather than teacher-centred, and students are expected to take the initiative. Speaking up and actively taking part in discussions is a crucial part of the system and this will also influence final grades.
Therefore, it is extremely important that they have an excellent knowledge of both written and spoken English.)
More info about PBL :
https://www.maastrichtuniversity.nl/education/why-um/problem-based-learning 
*강의 수준이 높으며 수업에 적극적으로 참여해야 함
*한 학기에 13~30 ECTS 이수",,
80,영어,Tilburg University,Europe,Netherlands,Tilburg,"2.7 이상
(4.3 만점 기준)","iBT 80 이상
또는
IELTS 6.5 이상
(Minimum Score 5.5 on all parts)",인정,2,학부,"경영, 경제, 심리, 사회 
1, 2 전공","2026-1학기에 
5학기 이상인 자","Exchange Program
Courses","1-6
8-1","*설립: 1927년
*네덜란드 국립연구중심대학
*학생 수: 17,000명
*심리학 분야에서 우수한 대학으로 가을학기의 경우 파견 수요 높음
*영어강의 확인 후 지원할 것
*Incoming exchange students are allowed to take courses from all schools, as long as they meet the prerequisites of the courses at the start of the semester. 
*한 학기 24~30 ECTS 이수",,
81,영어,University of Twente,Europe,Netherlands,Enschede,"2.7 이상
(4.3 만점 기준)","iBT 80 이상
(각 파트별 18점 이상)
또는 
IELTS 6.5 이상
(minimum score on each section of at least 5.5)",불가,4,학부,"경영 1, 2 전공
심리 1, 2 전공","2026-1학기에 
5학기 이상인 자","Exchange Program
Courses","2-7
9-1","*설립: 1961년
*본교와 University of Twente의 Faculty of Behavioural, Management and Social Sciences 간의 학생교류 협정
*경영/심리 전과목 영어로 수업
*강의수준 높음
*기숙사 시설 및 대학교 시설이 매우 잘 되어 있음
*housing guaranteed for exchange students
*한 학기에 30 ECTS 이수",,
82,영어,"University of Groningen
Faculty of Economics and Business",Europe,Netherlands,Groningen,"2.7 이상
(4.3 만점 기준)","1. 학부생: 
iBT 80 이상
(Speaking & Writing 각 20 이상)  
또는
 IELTS 6.5 이상
   (Speaking 6.0 이상 
Writing 5.5 이상)

2. 대학원생:
iBT 90 이상
(Speaking 20 이상, Writing 24 이상) 
또는
 IELTS 6.5 이상
   (Speaking 6.0 이상 
Writing 6.5 이상)",불가,4,학부/대학원,"경영/경제 1, 2 전공","2026-1학기에 
5학기 이상인 자","Exchange Program
Courses","2-6 
9-1","*설립: 1614년
*경영학 인증 AACSB, EQUIS
*강의수준 높음
*파견 전 전공과목 10과목 이상 수강 필수
*수강취소 기간이 따로 없으므로 신중하게 수강신청 할 것
*한 학기에 20~30 ECTS 이수",,
83,영어,VU University Amsterdam,Europe,Netherlands,Amsterdam,"2.7 이상
(4.3 만점 기준)","iBT 92 이상
또는 
IELTS 6.5 이상",불가,3,학부,"홈페이지에서 
개설학과 확인",,"Exchange Program
Courses","2-6 
9-2","*설립: 1880년
*공립 연구 중심 대학
*학생 수:  31,000명
*반드시 영어강의 확인 후 지원할 것
*한 학기에 24~36 ECTS 이수
*Courses in the fields of Psychology and at School of Business and Economics have limited capacity. Therefore, incoming exchange students majoring in Psychology, Business and Economics are given priority in registering for courses in these subject areas. Students with different majors can apply for courses in these fields but should be prepared to adapt their course choice in case these courses are full.
*Bachelor’s students are not allowed to follow courses at Master’s level, unless these courses are also mentioned in the exchange courses overview under Bachelor’s courses.
*Dutch taught courses are not always available to exchange students, even when having good proficiency in Dutch. Students should check with incoming@vu.nl if there is a list available of courses taught in Dutch in their subject area.
*Finding accommodation is very challenging and expensive",,
84,영어,Warsaw School of Economics,Europe,Poland,Warsaw,"2.7 이상
 (4.3 만점 기준)","iBT 79 이상
 또는
 IELTS 6.5 이상",인정,1,학부,"경영/경제 1, 2 전공",,"Exchange Program
 Courses","2-6
9-2","*경제, 경영분야 우수
*Triple Crown 대학(Equis, AACSB, AMBA 인증)
*CEMS member university
*서유럽 국가에 비해 기숙사비 및 생활비가 저렴함
*housing guaranteed for exchange students",,
85,영어,Universidade Católica Portuguesa ,Europe,Portugal,Lisbon,"2.7 이상
(4.3 만점 기준)","iBT 87 이상
또는
IELTS 6.5 이상",인정,2,학부,"경영, 경제 1, 2 전공",,"Exchange Program
Courses
(Username: incomingstudent
Password: incomingstudent)","1-6
8-1","*#1 Business School in Portugal
*1st Portuguese Business School accredited with the triple crown (AACSB, EQUIS, AMBA)
*1st Undergraduate Program in Business in Portugal
*영어강의 확인을 위해서는 '관련 웹사이트' Courses에서 로그인해야 함 ",,
86,영어,"Comillas Pontifical University (경제,경영)",Europe,Spain,Madrid,"2.7 이상
(4.3 만점 기준)","iBT 79 이상
또는
IELTS 6.5 이상",인정,3,학부,"경영/경제 1, 2 전공",,"Exchange Program
Courses","1-5
9-12","*설립: 1890년, 학생 수 약 10,000명
*스페인 마드리드 소재 예수회대학
*경영학 인증: AACSB ",,
87,영어,Comillas Pontifical University (정치학),Europe,Spain,Madrid,"2.7 이상
(4.3 만점 기준)","iBT 79 이상
또는
IELTS 6.5 이상",인정,2,학부,"정치학 1, 2 전공",,"Exchange Program
Courses","1-6
9-12","*설립: 1890년, 학생 수 약 10,000명
*스페인 마드리드 소재 예수회대학
*정치학과 학생은 마드리드 시내에서 지하철로 50분 거리의 
Cantoblanco 캠퍼스에서 수업을 듣게 됨 (방은 마드리드 시내에 서 구함)",,
88,영어,ESADE Law School,Europe,Spain,Barcelona,"2.7 이상
(4.3 만점 기준)","iBT 95 이상
또는
IELTS 7.0 이상",인정,1,학부,정치외교학 1 전공,"2026-1학기에 
5학기 이상인 자",Exchange Program,"2-6
9-12","*Esade Law School과 정치외교학과간의 단독 협정
*1958년, 예수회로부터 설립된 ESADE Ramon Llull University의 학부 중 하나
*국제화가 잘 갖추어져 있음
*학생 수 약 10,209명
*한 학기에 23~33 ECTS 이수",,
89,영어,"Pompeu Fabra University 
(경제학)",Europe,Spain,Barcelona,"2.7 이상
(4.3 만점 기준)","iBT 79 이상
또는
IELTS 6.5 이상",인정,1,학부,경제학 1 전공 ,,"Exchange Program
Courses","1-6
9-12","*설립: 1990년
*학생 수: 12,500명
*바르셀로나에 위치한 공립대학
*3 campuses
  - Faculty of Economic and Business Sciences: Ciutadella Campus
  - Faculty of Communication: Poblenou Campus
  - Faculty of Engineering: Poblenou Campus
*국제화가 잘 되어 있음
*경제/경영분야 우수, 교수진 우수",,
90,영어,Pompeu Fabra University (신문방송/미디어),Europe,Spain,Barcelona,"2.7 이상
(4.3 만점 기준)","iBT 79 이상
또는
IELTS 6.5 이상",인정,1,학부,"신문방송/
미디어 1 전공",,"Exchange Program
Courses","1-6
9-12","*설립: 1990년
*학생 수: 12,500명
*바르셀로나에 위치한 공립대학
*3 campuses
  - Faculty of Economic and Business Sciences: Ciutadella Campus
  - Faculty of Communication: Poblenou Campus
  - Faculty of Engineering: Poblenou Campus
*국제화가 잘 되어 있음",,
91,영어,Pompeu Fabra University (전자/컴퓨터),Europe,Spain,Barcelona,"2.7 이상
(4.3 만점 기준)","iBT 79 이상
또는
IELTS 6.5 이상",인정,1,학부,"전자, 컴퓨터 
1 전공",,"Exchange Program
Courses","1-6
9-12","*설립: 1990년
*학생 수: 12,500명
*바르셀로나에 위치한 공립대학
*3 campuses
  - Faculty of Economic and Business Sciences: Ciutadella Campus
  - Faculty of Communication: Poblenou Campus
  - Faculty of Engineering: Poblenou Campus
*국제화가 잘 되어 있음",,
92,영어,University Carlos III of Madrid (UC3M),Europe,Spain,Madrid,"2.7 이상
(4.3 만점 기준)","iBT 79 이상
또는
IELTS 6.5 이상",인정,8,학부,"경영/경제, 정외, 사회 1 전공 ",,"Exchange Program
Courses","1-6
9-1","*설립: 1989년
*역사는 짧으나 경제 경영 분야 교수진 우수함.  
*Getafe Campus
*전체 학생의 20%가 국제학생
*The university has a strong reputation in business subjects, in particular economics, which is regularly ranked amongst the top 50 institutions worldwide. (QS 2015)
*the world’s top 150 universities in employability according to the QS Graduate Employability Ranking (2016)
*영어강의 확인할 것",,
93,영어,University of Malaga,Europe,Spain,Malaga,"2.7 이상
(4.3 만점 기준)","iBT 79 이상
또는
IELTS 6.5 이상",불가,1,학부,영어강의  반드시 확인 후 지원할 것,,"Exchange Program
Courses","2-7
9-2","*설립: 1972년
*Malaga는 지중해의 코스타 델 솔(태양의 해안)에 자리 잡고 있으며 파블로 피카소가 태어난 곳임
*There are some courses offered in English, but highly demanded and limited to a certain number of exchange students per course. (영어강의 수강신청에 있어서 유연할 필요 있음)
*Students must register for undergraduate level courses only and have to choose at least half 
of their courses in their main faculty or school where they have been nominated.
*한 학기 18~36 ECTS 이수",,
94,영어,University of Navarra,Europe,Spain,Pamplona,"2.7 이상
(4.3 만점 기준)","iBT 79 이상
또는
IELTS 6.5 이상",불가,1,학부,"신방/미디어 1, 2 전공
영미어문/미국문화 1, 2 전공","2026-1학기에 
5학기 이상인 자","Exchange Program
Courses","1-5
9-12","*스페인 제1 사립대학
*스페인 북부 팜플로나에 위치
*국제화가 활발하고 영어 프로그램이 잘 되어 있음
*반드시 영어 프로그램 확인 할 것
*한 학기에 24~30 ECTS 이수",,
95,영어,Linkoping University,Europe,Sweden,Linkoping,"2.7 이상
(4.3 만점 기준)","iBT 79 이상
또는
IELTS 6.5이상",인정,3,학부/대학원,영어강의 확인 필수,"2026-1학기에 
5학기 이상인 자","Exchange Program
Courses","8-1
1-6","*설립: 1969년
*학생 수: 35,900명(국제학생: 2,400여 명)
*Linkoping University의 Faculty of Arts and Sciences와의 교류협정
*공학 분야가 세계적으로 우수한 스웨덴 최고의 대학교 중 하나
*영어과목: 좌측 ""Exchange Program"" 링크 클릭-> ""Find your courses and apply""에서 ""Faculty of Arts and Sciences"" 선택 후 검색
*한 학기 30 ECTS 이수
*Faculty of Arts and Sciences offers courses in two campuses: Campus Valla (Linköping) and Campus Norrköping
*housing guaranteed for exchange students",,
96,영어,Stockholm University,Europe,Sweden,Stockholm,"2.7 이상
(4.3 만점 기준)","iBT 80 이상
(각 파트별 20점 이상)
또는
IELTS 6.5이상
(전부문 6.0 이상)",인정,2,학부/대학원,(국제)글로벌한국학 1전공,,"Exchange Program
Find Courses","1-6
9-1","*설립: 1878년(국립 대학교), 학생 수 약 37,000명
*스웨덴 수도 Stockholm에 위치
*시내에서 지하철로 5 정거장 정도 떨어진 곳에 위치하여 접근성이 좋음
*본교 글로벌한국학과와 상대교 Dept. of Asian and Middle Eastern Studies와의 협정
*한 학기에 30 ECTS 이수해야 함
*영어과목 확인 필수",,
97,영어,Umea University,Europe,Sweden,Umea,"2.7 이상
(4.3 만점 기준)","iBT 79 이상
또는
IELTS 6.5 이상",불가,2,학부/대학원,영어강의 확인 필수,,"Exchange Program
Courses","1-6
9-1","*스웨덴 북부 Umea 에 위치
*학생 수 약 36,700명
*Sweden's first university
*Ranked #1 in Sweden (#29 in the world) of universitues under 50 years by Times Higher Education
*#1 in Sweden in student satisfaction
*Beautiful Campus
*Students may ONLY take courses from the course catalogue for exchange students.
*한 학기에 15~30 credits 이수(students can be denied housing if they take less than 15 credits)",,
98,영어,University of Bern,Europe,Switzerland,Bern,"2.7 이상
(4.3 만점 기준)","iBT 80 이상(Writing 17 이상)
또는 
IELTS 6.5 이상(Writing 6.0 이상)

영문학 지원시 iBT 95 이상 또는 
IELTS 7.0 이상 ",인정,1,학부,영어강의 확인 필수,,"Exchange Program
Courses","2-6
9-12","*설립: 1834년
*학생 수: 19,400명
*스위스의 전통 명문대학
*신학, 철학, 독문학 등 여러분야에서 탁월한 학자 다수 배출
*영어강의 리스트 꼭 확인할 것
*한 학기에 20~25 ECTS 수강",,
99,영어,ZHAW School of Management and Law,Europe,Switzerland,Winterthur-Zurich,"2.7 이상
(4.3 만점 기준)","iBT 83 이상
 또는
 IELTS 6.5 이상",불가,2,학부,"경영/경제 1, 2 전공",,"Exchange Program
Courses","2-7
 9-2","*경영대 학생 약 5,500명
*경영학인증 AACSB, EQUIS
*취리히에서 30분 거리
*한 학기에 15~45 ECTS 이수",,
100,영어,"SOAS University of London
국제(글로벌)한국학전공",Europe,UK,London,"3.3 이상
(4.3만점 기준)","iBT 95 이상
(Writing 23 이상, 나머지 sub-score 각 20 이상)
또는 
IELTS 6.5 이상
(전부문 6.0 이상)",불가,3,학부,"국제(글로벌)
한국학 1전공",,"Exchange Program
Courses","1-6
9-12","*설립: 1916년 (SOAS: School of Oriental and African Studies) 
*런던 시내에 위치
*학생 수: more than 6,000 students from 133 countries                              
*아시아, 아프리카, 중동 지역학(법학, 정치학, 경제학, 인문학, 언어학 등) 연구 분야에서 세계적인 권위를 인정받고 있는 기관임.  한국학과 있음

*국제(글로벌)한국학 외 전공생들은 반드시 좌측 ""Courses"" 링크를 통해 본인 전공(연계전공 포함)에 해당하는 과목이 있는지 확인해야 할 것(Undergraduate 수업 확인 할 것)
*한 학기에 4 modules = 60 SOAS credits 이수해야 함 
*물가가 비싼편
*파견 기간: 두 학기 연속 파견 가능 (두 학기 연속 파견 희망 시 반드시 goabroad7@sogang.ac.kr 로 본인 이름, 학번, 전공, SOAS 2학기 연속 파견 희망한다고 보내야 함, 별도 이메일 없을 경우 한 학기 파견)",,
101,영어,"SOAS University of London
국제(글로벌)한국학 외 전공",Europe,UK,London,"3.3 이상
(4.3만점 기준)","iBT 95 이상
(Writing 23 이상, 나머지 sub-score 각 20 이상)
또는 
IELTS 6.5 이상
(전부문 6.0 이상)",불가,3,학부,"국제(글로벌)
한국학 1전공
외 전공은 비고의 링크를 반드시 확인해야 함
(공학부, 자연과학부 지원 불가)",,"Exchange Program
Courses","1-6
9-12","*설립: 1916년 (SOAS: School of Oriental and African Studies) 
*런던 시내에 위치
*학생 수: more than 6,000 students from 133 countries                              
*아시아, 아프리카, 중동 지역학(법학, 정치학, 경제학, 인문학, 언어학 등) 연구 분야에서 세계적인 권위를 인정받고 있는 기관임.  한국학과 있음

*국제(글로벌)한국학 외 전공생들은 반드시 좌측 ""Courses"" 링크를 통해 본인 전공(연계전공 포함)에 해당하는 과목이 있는지 확인해야 할 것(Undergraduate 수업 확인 할 것)
*한 학기에 4 modules = 60 SOAS credits 이수해야 함 
*물가가 비싼편",,
102,영어,University of Bradford,Europe,UK,Bradford,"2.7 이상
(4.3 만점 기준)","iBT 80 이상
(Listening 17 이상
Reading 18 이상
Speaking 20 이상
Writing 17 이상)
또는
IELTS 6.5 (minimum 5.5 in all four elements of the test) 이상",인정,2,학부,"홈페이지에서 
개설학과 확인
우측 비고 What you can study 참조",,"Exchange Program
Courses","
1-5
9-12","*Bradford, West Yorkshire, UK (Leeds에서 20분, Manchester에서 1시간, London에서 3시간 거리)
*Peace Studies로 잘 알려진 대학임
*경영학인증 AACSB, EQUIS, AMBA
*영문학 없음
*Students can take running modules in the Faculty of Management, Law and Social Sciences
*Housing guaranteed for exchange students",,
103,영어,"University of Central Lancashire
(UCLAN)",Europe,UK,Preston,"2.7 이상
 (4.3 만점 기준)","iBT 80 이상
(Listening 10 이상
Reading 10 이상
Speaking 17 이상
Writing 19 이상)
 또는
 IELTS 6.5 이상(전부문 5.5 이상)",불가,3,학부,"신방/미디어 1,2전공","2026-1학기에 
5학기 이상인 자","Exchange Program
Courses","1-5
9-1","*맨체스터 북부 프레스턴에 위치
*International Journalism으로 매우 유명함
*Students are NOT allowed to take courses outside of the faculty that they are nominated for. 
*housing guaranteed for exchange students",,
104,영어,University of Lancaster,Europe,UK,Lancaster,"3.0 이상
(4.3 만점 기준)","iBT 87 이상
(Listening 17 이상
Reading 18 이상
Speaking 17 이상
Writing 22 이상) 
또는 
IELTS 6.5 (Writing 6.0 이상, minimum 5.5 in all other elements)",불가,2,학부,경영/경제 1전공,,"Exchange Program
Courses","1-6
9-12","*Lancaster Univerity Management School과 본교 간의 협정
*Ranking: 영국 내 상위 10위 이내 대학
*경영학인증: AACSB, EQUIS, AMBA
*연구와 교육 모두 우수
*학생만족도 높음 Safe Campus & City
*가을학기=Michaelmas Term(10~12월):  12 US credits(22.5 ECTS)
*봄학기=Lent(1월~3월)/Summer Term(4~6월):  16-20 US credits(30-37.5 ECTS)",,
105,영어,University of Sheffield,Europe,UK,Sheffield,"2.7 이상
(4.3 만점 기준)","1. 일반적으로, 
iBT 88 이상(minimum 19 in Listening, 19 in
Writing, 20 in Reading, 22 in
Speaking)
또는 
IELTS 6.5 이상(minimum 6.0 in each component)

2. 영문(English), 사학(History)
iBT 95 이상(minimum 21 in Listening, 22 in
Writing, 22 in Reading, 23 in
Speaking)
또는 
IELTS 7.0 이상(minimum 6.5 in each component)

3. 커뮤니케이션
(Journalism, Media and Communications)
iBT 103 이상(minimum 22 in Listening, 24 in
Writing, 24 in Reading, 25 in
Speaking)
또는 
IELTS 7.5 이상(minimum 7.0 in each component)

4. Human Communication Sciences
iBT 110 이상(minimum 24 in Listening, 26 in
Writing, 26 in Reading, 27 in
Speaking)
또는 
IELTS 8.0 이상(minimum 7.5 in each component)",불가,4,학부,,,Exchange Program,"9-2
2-6","*사우스요크셔주 셰필드에 위치한 명문 종합 연구대학교
*영국을 대표하는 명문 대학들이 포함되어 있는 Russell Group에 속함
*경영학 인증 : EQUIS, AMBA
*한국학과 있음
*수강제한: The Faculty of Medicine, Dentistry and Health, the School of Law and the Department of Education are not open for exchange students. Final year Politics modules are closed. There is limited capacity in Politics, Architecture and Sociological Studies.
*선수과목을 엄격하게 검토하여 과목선택에 제한이 많은 편임
*한 학기에 40~60 credits(20~30 ECTS) 이수 ",,
106,영어,"City University of Hong Kong
(College of Liberal Arts and Social Sciences)",Asia,Hong Kong,Hong Kong,"2.7 이상
(4.3 만점 기준)","iBT 79 이상 
또는 
IELTS 6.5 이상 ",불가,5,학부,"인문학부, 사회과학부, 국제한국학, 
신문방송학(1,2 전공자)",,"http://www.cityu.edu.hk/class/exchange/content/inbound/whycityu.aspx

http://www.cityu.edu.hk/class/exchange/content/inbound/course_info.aspx","1-5
9-12","* 홍콩 유명 4대학 중 한 곳
* 홍콩 CityU의 College of Liberal Arts and Social Sciences와의 협약
* 본인 전공 개설여부 반드시 확인 바람. 
* 기숙사 입소가 학기에 따라 불가능할 수 있음
* 홍콩시 북부에 위치해 있으며 지하철역과 연결되어 있어 시내로 이동이 편리함",,
107,영어,"City University of Hong Kong
(School of Creative Media)",Asia,Hong Kong,Hong Kong,"2.7 이상
(4.3 만점 기준)","iBT 79 이상 
또는 
IELTS 6.5 이상 ",인정,1,학부,A&T 1전공자,"2026-1학기에 
2학기 이상인 자","https://www.scm.cityu.edu.hk/programmes/undergraduate/inbound-exchange-programmes

https://www.scm.cityu.edu.hk/sites/g/files/asqsls1771/files/2023-10/Courses%20Offered%20to_Exchange_Visiting_Sem%20B%2023-24%20%28UG%29_202310.pdf

http://www.cityu.edu.hk/catalogue/ug/current/catalogue/catalogue_UC.htm?page=B/B_course_SM.htm","1-5
9-12","* 홍콩 유명 4대학 중 한 곳
* 홍콩 CityU의 School of Creative Media와의 협약으로 A&T전공자 파견
* 기숙사 입소가 학기에 따라 불가능할 수 있음
* 홍콩시 북부에 위치해 있으며 지하철역과 연결되어 있어 시내로 이동이 편리함",,
108,영어,Hong Kong Baptist University (아텍 외 전공),Asia,Hong Kong,Hong Kong,"2.7 이상
(4.3 만점 기준)","iBT 79 이상 
또는 
IELTS 6.5 이상 ",인정,2,학부,A&T 1 전공자를 제외한 모든 전공자 가능,"2026-1학기에 
5학기 이상인 자","https://intl.hkbu.edu.hk/student-exchange/incoming-students

https://ar.hkbu.edu.hk/student-services/incoming-exchange/course-list","1-5
9-12","* 홍콩 유일의 침례대학
* 홍콩시 북부에 위치해 있으며, 종합 대학 순위 아시아권 50위권의 대학으로 우수한 학부 프로그램을 가지고 있음",,
109,영어,Hong Kong Baptist University (아텍),Asia,Hong Kong,Hong Kong,"2.7 이상
(4.3 만점 기준)","iBT 79 이상 
또는 
IELTS 6.5 이상 ",인정,2,학부,"A&T 1,2,3전공자","2026-1학기에 
5학기 이상인 자","https://intl.hkbu.edu.hk/student-exchange/incoming-students

https://ar.hkbu.edu.hk/student-services/incoming-exchange/course-list","1-5
9-12","* 홍콩 유일의 침례대학
* 홍콩시 북부에 위치해 있으며, 종합 대학 순위 아시아권 50위권의 대학으로 우수한 학부 프로그램을 가지고 있음
* 2022년 Bachelor of Arts and Sciences (BASc) - Arts and Technology 전공이 신설되어, 본교 아트&테크놀로지학과와 추가 협약을 통해 아텍 학생들에게 별도 쿼터를 제공함(School of Creative Arts에서 제공되는 과목 확인)",,
110,영어,University of Malaya,Asia,Malaysia,Kuala Lumpur,"3.0 이상
(4.3 만점 기준)","iBT 80 이상 
또는 
IELTS 6.5 이상 ",인정,2,학부,,,"https://gem.um.edu.my/inbound-long-term-home

https://gem.um.edu.my/inbound-long-term-module-selection",,"* 말레이시아 랭킹 1위 명문대, 가장 오랜 역사를 가지고 있음
* 2022 QS Ranking 아시아 8위
* 말레이시아 수도에 위치하며 교통이 편리하고 현지 영어 수준 높음
* 교환학생을 위한 행사가 다양하며 큰 규모의 캠퍼스 내 학생 제공 편의시설이 다양함
* 현지의 저렴한 물가로 영어 학습 및 주변국가, 근교 여행, 다양한 경험 가능",,
111,영어,Akita International University,Asia,Japan,Akita,"2.7 이상
(4.3 만점 기준)","iBT 79 이상 
또는 
IELTS 6.5 이상 ",인정,2,학부,,,"https://web.aiu.ac.jp/en/short-term/

https://web.aiu.ac.jp/en/academic/course-offerings/","4-7
9-12","* 모든 강의를 영어로 진행하는 Liberal Arts(교양)교육
* 일본에서 가장 국제화가 잘 되어있는 대학으로 유명함
* 학생 수 1,000명 내외의 소수정예 국공립 대학이며 캠퍼스 시설도 뛰어남
* 영어프로그램 강의 리스트에 본인 전공이 있는지 반드시 확인 하고 지원 할 것 
* 기숙사 거주 필수",,
112,영어,Juntendo University,Asia,Japan,Tokyo,"2.7 이상
(4.3 만점 기준)","iBT 79 이상 
또는 
IELTS 6.5 이상 ",불가,2,학부,,,"https://juntendo.box.com/s/fxyw5ae0rbyondc9t0cmd00k8nur2qgr

https://juntendo.box.com/s/19b9e8jki9d41oz8yuayxpnfhln63fl7","4-7
10-2","* 일본 신규 협정교
* 도쿄 시내에 위치한 사립대학교 (Ochanomizu 역 근처)
* 일본 전국 사립대학 중에 가장 입지가 좋은 곳으로 꼽힌다고 함
* 국제화가 잘 되어 있는 대학 중 하나임
* 일본 내 사립의대 중에서는 전체 2위, 간호학부 중 5위 안에 들지만 사실 본교와는 관계 없음
* Faculty of International Liberal Arts 내에서 영어 과목 수강 가능 (https://juntendo.app.box.com/s/fxyw5ae0rbyondc9t0cmd00k8nur2qgr) 8페이지에서 영어강의 확인 가능
","2025.06.18
기관 추가",2025.06.18
113,영어,Kwansei Gakuin University,Asia,Japan,Nishinomiya,"2.7 이상
(4.3 만점 기준)","iBT 79 이상 
또는 
IELTS 6.5 이상 ",인정,2,학부,,,"https://ciec.kwansei.ac.jp/study/exchange/outline/pdf/CJP%20Brochure%20(2023-2024)%20(PDF).pdf

https://ciec.kwansei.ac.jp/study/exchange/","4-7
10-1","* 관서지방의 4대 사립 명문대 ('칸칸도리츠') 중 한 곳
* 효고현 니시노미야시 소재(간사이지방의 고베 인근에 위치), 교육도시로 유명하며 오사카와 가까운 편이다. 한적하고 여유로운 일본의 분위기를 느낄 수 있다
* 캠퍼스가 아름다운 유럽식 건물들로 구성되어있음
* 교환학생들을 위한 지원이 적극적이며 유학생들에 대해 개방적인 편이다
* 국제학생들을 위한 기숙사가 있으며 홈스테이도 신청 가능.
* 상대교 교환학생 프로그램은 두가지 트랙으로 제공된다: Japanese Language Track (일본어학습), Modern Japan Track (영어로 일본 전반에 대해 공부) - 영어권으로 선발되는 경우, 둘 중 선택할 수 있으나, JLT의 경우 기초적인 일본어 지식(히라가나, 가타카나) 필요, 학기초 레벨테스트에 의해 반 배정됨
* 영어강의 과목 리스트에 본인 전공이 있는지 반드시 확인 하고 지원 할 것 (이공계 과목은 거의 열리지 않음)",,
114,영어,Ritsumeikan University,Asia,Japan,"Kyoto (Kinugasa)
Osaka (Ibaraki)
Shiga (Biwako-Kusatsu)","2.8 이상
(4.3 만점 기준)","iBT 79 이상 
또는 
IELTS 6.5 이상",불가,2,학부/대학원,,,"https://en.ritsumei.ac.jp/skp/
https://en.ritsumei.ac.jp/skp/academics/course-lists/","4-7
9-3","* 관서지방의 4대 사립 명문대 ('칸칸도리츠') 중 한 곳으로, 신규 협정교임
* 메인 캠퍼스는 교토의 키누가사 캠퍼스이며, 오사카는 최신식 시설로 학생들의 만족도 높음
* 교환프로그램: Study in Kyoto Program (SKP), 세가지 트랙으로 나뉘어짐 (영어권은 RCE 선택)
   • IJL(Intensive Japanese Language –KIC Campus)
   • RCE(Regular Courses in English)
   • RCJ(Regular Courses in Japanese) * 일본어 고급 수준(N1) 학생들 대상
* 국제화에 많은 투자를 하는 학교",,
115,영어,"Ritsumeikan Asia 
Pacific University",Asia,Japan,Beppu,"2.7 이상
(4.3 만점 기준)","iBT 79 이상 
또는 
IELTS 6.5 이상 ",불가,2,학부,,,https://en.apu.ac.jp/abroad/prospective/incoming/,"3-8
9-2","* 큐슈의 온천휴양도시 벳푸에 위치(국제화된 프로그램으로 특화된 대학)
* 모든 수업이 영어로 진행되는 국제화 대학 중 한곳
* 외국인유학생 최다 일본대학으로 한국인 학생이 다수 재학 중
* 영어프로그램 강의 리스트에 본인 전공이 있는지 반드시 확인 하고 지원 할 것 
https://en.apu.ac.jp/academic/page/content0166.html/?c=17",,
116,영어,Sophia University,Asia,Japan,Tokyo,3.0 이상 (4.3 만점 기준),"iBT 79 이상 
또는 
IELTS 6.5 이상 (Academic)",불가,2,학부/대학원,,,"https://piloti.sophia.ac.jp/assets/uploads/2023/09/14125210/24S_FACT_SHEETSophia_202309.pdf

https://piloti.sophia.ac.jp/eng/studyabroad/exchangeprograms/

https://piloti.sophia.ac.jp/eng/studyabroad/exchangeprograms/course_info/","4-7
9-1","* 도쿄에 위치한 명문 사립대학으로, 우리 대학과 밀접한 관계를 유지하고 있는  협정교이다 
* 교환학생 프로그램이 활발하게 운영되고 있으며 다양한 국적의 교환학생들과 교류가 가능함
* 기숙사 선택지가 다양한 편임
* 일본어로 강의되는 과목들은 N1이 있어야 수강 가능함
* 반드시 본인 전공이 있는지 확인 하고 지원 할 것 ",,
117,영어,Kyushu University,Asia,Japan,Fukuoka,"3.4 이상
(4.3 만점 기준)","iBT 79 이상 
또는 
IELTS 6.5 이상 ",인정,1,학부,,,"http://www.isc.kyushu-u.ac.jp/jtw/

https://isc.kyushu-u.ac.jp/jtw/incoming","4-9
10-3","* 영어 중심 프로그램명: ""Japan in Today's World (JTW) ""
* 반드시 본인 전공이 있는지 확인 하고 지원 할 것 
* 경영학수업은 경영학 전공 학생들만 신청 가능함
* 연구중심대학, 2022 THE Japan University Rankings 7위, 세계랭킹에서도 상위권",,
118,영어,KIMEP University,Asia,Kazakhstan,Almaty,"2.7 이상
(4.3 만점 기준)","iBT 79 이상 
또는 
IELTS 6.5 이상 ",인정,4,학부,"자연과학부, 공학부 지원 불가",,"https://www.kimep.kz/diam/en/academic-mobility-for-incoming-students/

https://www.kimep.kz/current-students/en/course-offerings/","1-5
8-12","* 카자흐스탄 최고 경제/경영 프로그램 운영 
* 이공계열 수업 없음.
* 학기에 따라 기숙사 무료 제공 가능할 수 있음. (담당자와 상의)
* 카자흐스탄의 수도인 알마티에 위치해 있으며, 대부분의 강의가 영어로 제공됨
* 우리학생들을 대상으로 기숙사비를 면제해주는 장학 혜택을 제공할 예정",,
119,영어,Ateneo De Manila Universtiy,Asia,Philippines,Quezon City,"2.8 이상
(4.3 만점 기준)","iBT 79 이상 
또는 
IELTS 6.5 이상 ",인정,10,학부,,"2026-1학기에 
5학기 이상인 자",Student Mobility | Ateneo Global,"1-5
8-12","* 필리핀 최고의 예수회대학
* 1859년 예수회에 의해 설립되었으며, 가장 오래된 예수회 소속 교육 기관 중 하나
* 모든 강의를 영어로 제공하고 있으며 190여 명의 교환학생 프로그램을 크게 운영하고 있음
* 필리핀 국립대, De La Salle Univ.와 함께 3대 명문대학
* 우리 학교와 밀접한 관계를 유지하고 있는 대학으로서, 한국 문화 및 언어에 관심 있는 학생들이 많아 한국어과를 운영하고 있음
* 다수의 대통령 및 유명한 지도자들을 배출한 대학
* 법학, 의학 관련 과목은 제한됨",,
120,영어,Nanyang Technological University,Asia,Singapore,Singapore,"2.8 이상
(4.3 만점 기준)","iBT 90이상 
또는 
IELTS 6.5 이상 
(Writing 6 이상)",불가,2,학부,,,"https://gem.ntu.edu.sg/index.cfm?FuseAction=Programs.ViewProgramAngular&id=10006 

https://wis.ntu.edu.sg/webexe/owa/aus_subj_cont.main","1-5
8-12","* 싱가폴에 위치한 대학으로서 현지 최대 규모의 대학
* 세계적으로 유명한 싱가폴 명문대학(2021년 QS 아시아 2위 세계 12위)
* 이공계열 특화로 출발한 대학이나 현재는 전 분야를 아우르는 최상위 종합대학
* 본인 전공 개설여부 반드시 확인 바람
* 컴퓨터공학 코어과목은 교환학생 수강신청 불가할 예정
* 경영학과도 수강신청 경쟁이 매우 치열하므로 융통성있게 수강신청해야함",,
121,영어,Singapore Management University,Asia,Singapore,Singapore,"2.7 이상
(4.3 만점 기준)","iBT 79 이상 
또는 
IELTS 6.5 이상 ",불가,10,학부,수강하고자 하는 전공 강의 있는지 반드시 확인 후 지원,,"smu.edu.sg/global

https://smu.edu.sg/global/semester-exchange

inet.smu.edu.sg/sites/courses

https://drive.google.com/drive/folders/19dZAWmoJ7Dr6NUgFOmqciYo59UQkRQvs?usp=share_link","1-4
8-12","* 싱가폴 3대 명문대학 중 하나로 시내에 위치해 있음
* 미국 University of Pennsylvania의 세계적인 명문 College인 The Wharton School을 모델로 삼아 설립된 대학으로서 우수한 경영, 경제 프로그램을 제공하고 있음
* 경영, 경제, 사회과학부, 컴퓨터공학 관련 전공수업 제공하므로, 본인이 수강하고자 하는 과목이 있는지 반드시 확인 후 지원해야함 (일부 전공과목은 아예 제공되지 않음)
*토플 93, IELTS 7.0 미만인 경우 국제팀 추천 레터 필요",,
122,영어,National Yang Ming Chiao Tung University ,Asia,Taiwan,"Hsinchu
Taipei","3.5이상
(4.3만점 기준)","iBT 79 이상
또는 
IELTS 6.5 이상",인정,2,학부/대학원,비고란 참고,,"https://drive.google.com/file/d/1FL2hsdPTWAJhUmx9lbI_6jpJjSx3K9Ag/view

https://oia.nycu.edu.tw/oia/en/app/artwebsite/view?module=artwebsite&id=821&serno=a277c341-8d25-4a51-8495-58d1d58bbc5d
","2-6
9-1","* 이공계 특화 대만 최고의 대학이며 신규협정교
* 좌측 첫번째 링크를 통해 본인 전공 지원 가능여부, 학점제한, 어학점수 제한 반드시 확인 후 지원할 것 (학부: Bachelor's / ex: College of Life Sciences - Masters는 학점 3.7 이상일 경우에만 지원 가능)
* Guangfu Campus (Hsinchu 소재), Yangming Campus (Taipei 소재) 두개 캠퍼스가 메인이며, 본인 전공이 어느 캠퍼스에 속하는지 확인 필요 (두번째 링크 참고)
* 2021년 National Yang Ming University와 National Chiao Tung University와의 합병으로 설립된 대학
* 그동안 개설되었던 영어과목 리스트 확인 후 지원 필요함",,
123,영어,Soochow University,Asia,Taiwan,Taipei,"2.7 이상
(4.3 만점 기준)","iBT 79 이상 
또는 
IELTS 6.5 이상 ",인정,2,학부/대학원,,,"https://icae.scu.edu.tw/en/incoming/intro 
https://icae.scu.edu.tw/en/incoming/int-crcm ",,"* 동오대학
* 타이베이에 위치한 미션스쿨
* 영어강의 과목 다수 개설되어 중국어강의 과목과 동시 수강 가능 (영어강의 과목 수강자는 해당교에서 일정 점수 이상의 영어성적을 요구함) 
* 본인 전공 개설여부 반드시 확인 바람
http://icae.scu.edu.tw/en/incoming/int-crcm",,
124,영어,National Chengchi University,Asia,Taiwan,Taipei,"2.75 이상
(4.3 만점 기준)","iBT 79 이상 
또는 
IELTS 6.5 이상 ",불가,2,학부,,,"https://oic.nccu.edu.tw/Post/833

https://oic.nccu.edu.tw/Post/932

https://moltke.nccu.edu.tw/qrycourse/qryEngSub.jsp","2-6
9-1","* 대만의 수도인 타이페이에 위치
* 대만에서 최고 수준의 학부 프로그램을 제공하는 국립대학으로서 대만의 1대 총통인 장제스가 설립한 대학으로서, 대만 현대사와 매우 밀접한 관계에 있는 대학교 
* 영어강의 과목 다수 개설되어 중국어강의 과목과 동시 수강 가능 (영어 강의 수강 시 토플 iBT 80 이상 점수 필요할 수 있음)
* 한국어과 전공도 개설되어 있으며, 다수의 학생들이 한국에 관심을 가지고 있음",,
125,영어,Thammasat University,Asia,Thailand,Bangkok,"2.7 이상
(4.3 만점 기준)","iBT 79 이상 
또는 
IELTS 6.5 이상 ",인정,2,학부,"공학부
(1, 2, 3전공자)",,"https://tep.engr.tu.ac.th/overseaopportunity/inbound/exchangedetails

http://www.tep62.engr.tu.ac.th/page_bx.php?cid=76&cname=Academic%20Affairs&cno=256&cno2=&show=","8-12 
1-6","* 태국 랭킹 TOP3 안에 속한 명문 국립대학이며, 두 번째 오래된 대학으로 오랜 역사를 가짐
* 우리 대학은 상대교 공학부와 협정을 맺고 있기 때문에, 공학부 전공수업만 수강 가능함
* 자동차공학 관련 수업은 수강 불가
* 학생 수: 학부생 25,000여명, 대학원생 7,700여명",,
126,영어,Foreign Trade University,Asia,Vietnam,Hanoi,"2.7 이상
(4.3 만점 기준)","iBT 79 이상 
또는 
IELTS 6.5 이상 ",인정,2,학부,"경제학/경영학
(1,2,3 전공자)",,"http://english.ftu.edu.vn/academics/non-degree-programs/exchange-programs.html 

https://htqt.ftu.edu.vn/international-students/undergraduate-programs/","8-1
1-6","* 베트남 최고 대학 중 한 곳
* 학생 수:25,000명 이 중 400여명이 international students
* 경영, 경제, 어학 등 다양한 수업 영어로 제공 
* 전체 강의의 60%가 영어로 제공
* 하노이는 생활비가 저렴하고 치안이 안전하기로 유명함",,
127,영어,Hanoi University,Asia,Vietnam,Hanoi,"2.7 이상
(4.3 만점 기준)","iBT 79 이상 
또는 
IELTS 6.5 이상 ",불가,2,학부,"경영학/정치외교학
(1,2,3 전공자)",,"https://drive.google.com/drive/folders/19dZAWmoJ7Dr6NUgFOmqciYo59UQkRQvs?usp=share_link

http://internationaloffice.hanu.vn","8-1
1-6","* 베트남 어문계열 최고 명문 종합국립대학
* 영어강좌 다수(경영학 및 정치외교학(국제학) 영어 강의)",,
128,영어,Australian Catholic University,Oceania,Australia,"Brisbane
Melbourne
Sydney","2.7 이상
(4.3 만점 기준)","iBT 79 이상 
또는 
IELTS 6.5 이상 ",불가,1,학부/대학원,,,"https://www.acu.edu.au/international-students/study-abroad-and-exchange

https://www.acu.edu.au/international-students/study-abroad-and-exchange/semester-program-units","2-6 
7-11","* 호주 가톨릭 대학교
* 학생 수: 약 17,000명 
* 총 7개의 캠퍼스 운영
* 3개의 캠퍼스가 메인: 1. North Sydney(https://www.acu.edu.au/locations/north-sydney), 2. Melbourne(https://www.acu.edu.au/locations/melbourne), 3. Brisbane(https://www.acu.edu.au/locations/brisbane) 
* Notrh Sydney 캠퍼스는 호주 시드니 중심지구와 가까우며 부촌에 위치하고 있음
* Melbourne 캠퍼스는 도시 중심에 위치하여 가장 활기찬 분위기를 자랑함
* Brisbane 캠퍼스는 여유로운 분위기와 넓은 캠퍼스를 가지고 있음
* 각 캠퍼스마다 제공되는 학과가 다르므로 본인의 전공이 제공되는지 확인 후에 지원 바람
* 기숙사 시설이 충분히 제공되는 편이며, 기숙사에 배정되지 않는 경우라도 국제팀에서 여러 제휴업체, advisor 등을 통해 적극적인 도움을 제공할 수 있음",,
129,영어,The Australian National University,Oceania,Australia,Canberra,"2.9 이상
(4.3 만점 기준)","iBT 80 이상
(Reading, 
Writing 20 
Listening , Speaking 18 
이상) 
또는 
IELTS 6.5 이상
(각 파트별 
6.0 이상)",인정,2,학부,,,"https://www.anu.edu.au/study/apply/applying-for-exchange-at-anu

https://www.anu.edu.au/study/apply/applying-for-exchange-at-anu/course-selection","2-6 
7-11","* 호주 최고의 국립종합대학, Global 8 (G8) 컨소시엄 대학
* 정치학으로 유명하며 수준 높은 수업을 수강할 수 있음
* 호주 수도인 Canberra 위치
* 본교 동일 전공에 한하여 수강신청 가능-선수과목으로 수강신청 인정 여부 판단 (아트스튜디오, 디자인 관련 수업은 제한될 수 있음.)
* 기숙사는 기본적으로 semester 1(2월-6월)에만 제공",,
130,영어,The University of Notre Dame Australia,Oceania,Australia,"-Perth (Fremantle Campus)
-Sydney (Broadway Campus)","2.7 이상
(4.3 만점 기준)","iBT 79(각 파트 18 이상)
또는
IELTS 6.5(각 파트 6.0 이상)",인정,2,학부,,,https://www.notredame.edu.au/international/inbound,"2-6 
7-11","*해변가에서 도보로 5분 거리에 캠퍼스 위치.
* Fremantle(Perth 소재), Broadway(Sydney 소재) 캠퍼스 중 Fremantle 캠퍼스로 주로 파견(캠퍼스 별로 제공되는 전공이 상이하므로 확인 후 지원 요망)
*  Fremantle 캠퍼스(Perth 소재)에는 기숙사 있지만 Sydney  소재의 캠퍼스에는 기숙사가 없음
*  Fremantle이라는 도시는 지구에서 가봐야 할 도시 100위에 선정되었을 정도로 미관이 수려한 도시이며 퍼스 시내와는 대중교통으로 30분 거리에 위치해 있음
*  쿼카가 자연 서식하는 유명한 관광지인 Rottnest Island와 제일 가까운 도시에 위치해 있음",,
131,영어,University of Technology Sydney,Oceania,Australia,Sydney,"2.7 이상
(4.3 만점 기준)","iBT 79 이상 
(Writing 21 이상)
또는 
IELTS 6.5 이상
(Writing 6.0 이상)",불가,2,학부/대학원,,,"https://drive.google.com/drive/folders/1p6neUyCROkud5pRVV1abCt_sckvDVbx_?usp=sharing

https://www.uts.edu.au/study/international/study-abroad-and-exchange-students/subjects-and-academic-information/pre-approved-subject-list","2-6 
7-11","* 설립: 1988년
* Sydney, Australia 소재 (Central Business District의 도심캠퍼스)
* 학생 수: 28,000명(학부 및 대학원, 메인 캠퍼스)
* 수업형태: 이론 + 실무교육 (major projects, real-life case studies, extensive group work, and field trips)
* 기숙사는 선착순으로 제공함
* 공학, 경영, 디자인 우수 (Animation and Media Arts Production 수업은 제한될 수 있음.)
* 본교 동일 전공에 한하여 수강신청 가능-선수과목으로 수강신청 인정 여부 판단",,
132,영어,The University of Western Australia,Oceania,Australia,Perth,"2.7 이상
(4.3 만점 기준)","iBT 82 이상
(20/20/18/22 Listening/Speaking/Reading/Writing)
또는 
IELTS 6.5 이상 
(각 파트별 
6.0 이상)",불가,3,학부,,,"https://www.uwa.edu.au/study/Courses-and-Careers/Study-Abroad-and-Student-Exchange/Completing-exchange-at-UWA

https://handbooks.uwa.edu.au/ ","2-6 
7-11","* 호주 명문 국립대학,  명문 종합연구대학 Group of 8 (G8) 컨소시엄 대학 중 하나임
* 경영대학 인증: AACSB, EQUIS
* 학교가 위치한 퍼스는 온화한 날씨와 아름다운 자연경관을 가지고 있으며 휴양지로 유명함. 넓고 아름다운 캠퍼스를 가진 대학이며, 교환 학생들에 대한 적극적인 지원이 가능
* 학생수: 약 24,000명
* 우수분야: 경영, 자연과학, 심리, 교육 등
* 최근 해당 지역에서는 한국 기업(한국가스공사, POSCO 등)의 광물/수소 분야 연구가 활발하게 진행되고 있으며 관련 인재를 적극 채용하는 등 한국과의 교류가 많은 상황. 해당 대학에서 특히 경영/이공계 학생 교환파견을 추천한다고 함. 
* 선수과목으로 수강신청 인정 여부 판단
* 캠퍼스 내 기숙사가 위치하고 있으며 시설이 훌륭하고 예산에 따라 여러 종류의 룸 타입 선택 가능. 학부생의 경우 식대가 포함되어 있는 경제적인 housing plan임.",,
133,영어,University of Wollongong,Oceania,Australia,Wollongong,"2.7 이상
(4.3 만점 기준)","iBT 79 이상
(17/16/18/20 in Listening/Speaking/Reading/Writing)
또는 
IELTS 6.5 이상 
(reading, writing 6.0이상, listening and speaking 5.0이상)",인정,2,학부,,,"https://www.uow.edu.au/study/study-abroad-exchange/studyabroad/

https://courses.uow.edu.au/

https://www.uow.edu.au/study/study-abroad-exchange/studyabroad/enquire-and-apply/how-to-apply/academic-restrictions/

https://www.uow.edu.au/study/accommodation/",,"* 호주 내 종합대학교 중 상위권의 우수한 학교
* 시드니에서 기차로 약 1시간반정도 떨어져있는 해안도시에 위치하여 신식 학교시설과 아름다운 캠퍼스 환경을 누릴 수 있음. 
* 아름다운 해변이 많으며, 여유로운 분위기에서 학기를 보내고 싶은 학생들에게 적합함
* 자연과학, 공학분야에서도 우수한 학교이다",,
134,영어,University of South Australia,Oceania,Australia,Adelaide,"2.7 이상
(4.3 만점 기준)","iBT 79(각 파트 18이상)
IELTS (Academic) 6.5 이상 (Reading, Writing 6.0이상)",불가,2,학부,,,"https://international.unisa.edu.au/short-term-study/

https://international.unisa.edu.au/short-term-study/what-can-i-study/
https://international.unisa.edu.au/siteassets/documents/study-abroad-and-student-exchange-brochure-june-2023-web.pdf ","2-7
7-11","* 호주 남부 애들레이드 소재
* 학교는 Adelaide Central Business District에 위치하고 있으며, 학과별로 4개의 캠퍼스로 나누어져 있음. 대중교통을 이용함
* 동부 다른 대도시에 비해 한국인이 적고, 교통비 및 물가가 저렴한 편임
* 자연환경(청정지역) 및 치안이 좋음 편임
* 경영대, 국제관계학과 우수
* 신흥 명문대학
* 본교 동일 전공에 한하여 수강신청 가능-선수과목으로 수강신청 인정 여부 판단",,
135,영어,La Trobe University,Oceania,Australia,Melbourne,"2.7 이상
(4.3 만점 기준)","IELTS(Academic) 6.5 이상
(각 파트별 
6.0 이상)
또는
iBT 79 이상
(Reading 18 
Listening 18
Speaking 18 
Writing 21 이상) 
*각 전공마다 달라질 수 있으므로 확인 필수('비고'란 참고)",불가,2,학부,,,"https://www.latrobe.edu.au/international/study/australia

https://handbook.latrobe.edu.au/","2-6 
7-11","* 멜버른 북부 Bundoora에 위치 (멜버른 도심까지 45분 정도 소요)
* 기숙사 시설 제공
* 교환학생들을 위한 다양한 프로그램이 제공되며, 기숙사 별로 매주 행사가 진행됨
* 각 전공별 영어 최소점수 확인방법: https://www.latrobe.edu.au/study/apply/international/requirements
 -> ""search for your courses"" -> 전공 선택 -> ""Entry Requirements"" 탭 클릭 -> 페이지 중~하단부에 ""English language requirement"" 확인",,
136,영어,ITESO (Universidad Jesuita de Guadalajara),Latin America,Mexico,Guadalajara,"2.7 이상
(4.3 만점 기준)","iBT 79 이상 
또는 
IELTS 6.5 이상 ",인정,2,학부,,,"https://www.iteso.mx/en/web/general/detalle?group_id=1958340

https://www.iteso.mx/en/web/general/detalle?group_id=1959016",,"* 멕시코 명문 사립대학이며 넓고 아름다운 캠퍼스를 보유함
* 멕시코에서 두번째로 큰 도시인 Guadalajara에 위치함. 멕시코 내에서 치안이 좋은 편이며 날씨가 온화한 도시로, 역사가 깊고 도시의 건축물, 자연환경이 아름답다. 
* 주변 남미 국가들을 여행하기 좋으며 스페인보다 멕시코의 현지 물가가 훨씬 저렴하므로 스페인어 학습에 관심이 있는 학생들에게도 추천함
* 스페인어로 강의되는 과목은 DELE B2 이상의 성적 보유해야 함",,